Pressure,Property,Liq_Sat,Vap_Sat,75,100,125,150,175,200,220,225,240,250,260,275,280,290,300,320,325,340,350,360,375,380,400,425,450,475,500,525,550,575,600,625,650
1,V,1,129200,160640,172180,183720,195270,206810,218350,,229890,,241430,,,,,264500,,,,287580,,,,310660,,333730,,356810,,379880,,402960,,426040
1,U,29.334,2385.2,2480.8,2516.4,2552.3,2588.5,2624.9,2661.7,,2698.8,,2736.3,,,,,2812.3,,,,2889.9,,,,2969.1,,3049.9,,3132.4,,3216.7,,3302.6,,3390.3
1,H,29.335,2514.4,2641.5,2688.6,2736,2783.7,2831.7,2880.1,,2928.7,,2977.7,,,,,3076.8,,,,3177.5,,,,3279.7,,3383.6,,3489.2,,3596.5,,3705.6,,3816.4
1,S,0.106,8.9767,9.3828,9.5136,9.6365,9.7527,9.8629,9.9679,,10.0681,,10.1641,,,,,10.345,,,,10.5133,,,,10.6711,,10.82,,10.9612,,11.0957,,11.2243,,11.3476
10,V,1.01,14670,16030,17190,18350,19510,20660,21820,,22980,,24130,,,,,26440,,,,28750,,,,31060,,33370,,35670,,37980,,40290,,42600
10,U,191.822,2438,2479.7,2515.6,2551.6,2588,2624.5,2661.4,,2698.6,,2736.1,,,,,2812.2,,,,2889.8,,,,2969,,3049.8,,3132.3,,3216.6,,3302.6,,3390.3
10,H,191.832,2584.8,2640,2687.5,2735.2,2783.1,2831.2,2879.6,,2928.4,,2977.4,,,,,3076.6,,,,3177.3,,,,3279.6,,3383.5,,3489.1,,3596.5,,3705.5,,3816.3
10,S,0.6493,8.1511,8.3168,8.4486,8.5722,8.6888,8.7994,8.9045,,9.0049,,9.101,,,,,9.282,,,,9.4504,,,,9.6083,,9.7572,,9.8984,,10.0329,,10.1616,,10.2849
20,V,1.017,7649.8,8000,8584.7,9167.1,9748,10320,10900,,11480,,12060,,,,,13210,,,,14370,,,,15520,,16680,,17830,,18990,,20140,,21300
20,U,251.432,2456.9,2478.4,2514.6,2550.9,2587.4,2624.1,2661,,2698.3,,2735.8,,,,,2812,,,,2889.6,,,,2968.9,,3049.7,,3132.3,,3216.5,,3302.5,,3390.2
20,H,251.453,2609.9,2638.4,2686.3,2734.2,2782.3,2830.6,2879.2,,2928,,2977.1,,,,,3076.4,,,,3177.1,,,,3279.4,,3383.4,,3489,,3596.4,,3705.4,,3816.2
20,S,0.8321,7.9094,7.9933,8.1261,8.2504,8.3676,8.4785,8.5839,,8.6844,,8.7806,,,,,8.9618,,,,9.1303,,,,9.2882,,9.4372,,9.5784,,9.713,,9.8416,,9.965
30,V,1.022,5229.3,5322,5714.4,6104.6,6493.2,6880.8,7267.5,,7653.8,,8039.7,,,,,8810.8,,,,9581.2,,,,10350,,11120,,11890,,12660,,13430,,14190
30,U,289.271,2468.6,2477.1,2513.6,2550.2,2586.8,2623.6,2660.7,,2698,,2735.6,,,,,2811.8,,,,2889.5,,,,2968.7,,3049.6,,3132.2,,3216.5,,3302.5,,3390.2
30,H,289.302,2625.4,2636.8,2685.1,2733.3,2781.6,2830,2878.7,,2927.6,,2976.8,,,,,3076.1,,,,3176.9,,,,3279.3,,3383.3,,3488.9,,3596.3,,3705.4,,3816.2
30,S,0.9441,7.7695,7.8024,7.9363,8.0614,8.1791,8.2903,8.396,,8.4967,,8.593,,,,,8.7744,,,,8.943,,,,9.101,,9.2499,,9.3912,,9.5257,,9.6544,,9.7778
40,V,1.027,3993.4,,4279.2,4573.3,4865.8,5157.2,5447.8,,5738,,6027.7,,,,,6606.5,,,,7184.6,,,,7762.5,,8340.1,,8917.6,,9494.9,,10070,,10640
40,U,317.609,2477.1,,2512.6,2549.4,2586.2,2623.2,2660.3,,2697.7,,2735.4,,,,,2811.6,,,,2889.4,,,,2968.6,,3049.5,,3132.1,,3216.4,,3302.4,,3390.1
40,H,317.65,2636.9,,2683.8,2732.3,2780.9,2829.5,2878.2,,2927.2,,2976.5,,,,,3075.9,,,,3176.8,,,,3279.1,,3383.1,,3488.8,,3596.2,,3705.3,,3816.1
40,S,1.0261,7.6709,,7.8009,7.9268,8.045,8.1566,8.2624,,8.3633,,8.4598,,,,,8.6413,,,,8.81,,,,8.968,,9.117,,9.2583,,9.3929,,9.5216,,9.645
50,V,1.03,3240.2,,3418.1,3654.5,3889.3,4123,4356,,4588.5,,4820.5,,,,,5283.9,,,,5746.7,,,,6209.1,,6671.4,,7133.5,,7595.5,,8057.4,,8519.2
50,U,340.513,2484,,2511.7,2548.6,2585.6,2622.7,2659.9,,2697.4,,2735.1,,,,,2811.5,,,,2889.2,,,,2968.5,,3049.4,,3132,,3216.3,,3302.3,,3390.1
50,H,340.564,2646,,2682.6,2731.4,2780.1,2828.9,2877.7,,2926.8,,2976.1,,,,,3075.7,,,,3176.6,,,,3279,,3383,,3488.7,,3596.1,,3705.2,,3816
50,S,1.0912,7.5947,,7.6953,7.8219,7.9406,8.0526,8.1587,,8.2598,,8.3564,,,,,8.538,,,,8.7068,,,,8.8649,,9.0139,,9.1552,,9.2898,,9.4185,,9.5419
75,V,1.037,2216.9,,2269.8,2429.4,2587.3,2744.2,2900.2,,3055.8,,3210.9,,,,,3520.5,,,,3829.4,,,,4138,,4446.4,,4754.7,,5062.8,,5370.9,,5678.9
75,U,384.374,2496.7,,2509.2,2546.7,2584.2,2621.6,2659,,2696.7,,2734.5,,,,,2811,,,,2888.9,,,,2968.2,,3049.2,,3131.8,,3216.1,,3302.2,,3389.9
75,H,384.451,2663,,2679.4,2728.9,2778.2,2827.4,2876.6,,2925.8,,2975.3,,,,,3075.1,,,,3176.1,,,,3278.6,,3382.7,,3488.4,,3595.8,,3705,,3815.9
75,S,1.2131,7.457,,7.5014,7.63,7.75,7.8629,7.9697,,8.0712,,8.1681,,,,,8.3502,,,,8.5191,,,,8.6773,,8.8265,,8.9678,,9.1025,,9.2312,,9.3546
100,V,1.043,1693.7,,1695.5,1816.7,1936.3,2054.7,2172.3,,2289.4,,2406.1,,,,,2638.7,,,,2870.8,,,,3102.5,,3334,,3565.3,,3796.5,,4027.7,,4258.8
100,U,417.406,2506.1,,2506.6,2544.8,2582.7,2620.4,2658.1,,2695.9,,2733.9,,,,,2810.6,,,,2888.6,,,,2968,,3049,,3131.6,,3216,,3302,,3389.8
100,H,417.511,2675.4,,2676.2,2726.5,2776.3,2825.9,2875.4,,2924.9,,2974.5,,,,,3074.5,,,,3175.6,,,,3278.2,,3382.4,,3488.1,,3595.6,,3704.8,,3815.7
100,S,1.3027,7.3598,,7.3618,7.4923,7.6137,7.7275,7.8349,,7.9369,,8.0342,,,,,8.2166,,,,8.3858,,,,8.5442,,8.6934,,8.8348,,8.9695,,9.0982,,9.2217
101.325,V,1.044,1673,,1673,1792.7,1910.7,2027.7,2143.8,,2259.3,,2374.5,,,,,2604.2,,,,2833.2,,,,3061.9,,3290.3,,3518.7,,3746.9,,3975,,4203.1
101.325,U,418.959,2506.5,,2506.5,2544.7,2582.6,2620.4,2658.1,,2695.9,,2733.9,,,,,2810.6,,,,2888.5,,,,2968,,3048.9,,3131.6,,3215.9,,3302,,3389.8
101.325,H,419.064,2676,,2676,2726.4,2776.2,2825.8,2875.3,,2924.8,,2974.5,,,,,3074.4,,,,3175.6,,,,3278.2,,3382.3,,3488.1,,3595.6,,3704.8,,3815.7
101.325,S,1.3069,7.3554,,7.3554,7.486,7.6075,7.7213,7.8288,,7.9308,,8.028,,,,,8.2105,,,,8.3797,,,,8.5381,,8.6873,,8.8287,,8.9634,,9.0922,,9.2156
125,V,1.049,1374.6,,,1449.1,1545.6,1641,1735.6,,1829.6,,1923.2,,,,,2109.7,,,,2295.6,,,,2481.2,,2666.5,,2851.7,,3036.8,,3221.8,,3406.7
125,U,444.224,2513.4,,,2542.9,2581.2,2619.3,2657.2,,2695.2,,2733.3,,,,,2810.2,,,,2888.2,,,,2967.7,,3048.7,,3131.4,,3215.8,,3301.9,,3389.7
125,H,444.356,2685.2,,,2724,2774.4,2824.4,2874.2,,2923.9,,2973.7,,,,,3073.9,,,,3175.2,,,,3277.8,,3382,,3487.9,,3595.4,,3704.6,,3815.5
125,S,1.374,7.2847,,,7.3844,7.5072,7.6219,7.73,,7.8324,,7.93,,,,,8.1129,,,,8.2823,,,,8.4408,,8.5901,,8.7316,,8.8663,,8.9951,,9.1186
150,V,1.053,1159,,,1204,1285.2,1365.2,1444.4,,1523,,1601.3,,,,,1757,,,,1912.2,,,,2066.9,,2221.5,,2375.9,,2530.2,,2684.5,,2838.6
150,U,466.968,2519.5,,,2540.9,2579.7,2618.1,2656.3,,2694.4,,2732.7,,,,,2809.7,,,,2887.9,,,,2967.4,,3048.5,,3131.2,,3215.6,,3301.7,,3389.5
150,H,467.126,2693.4,,,2721.5,2772.5,2822.9,2872.9,,2922.9,,2972.9,,,,,3073.3,,,,3174.7,,,,3277.5,,3381.7,,3487.6,,3595.1,,3704.4,,3815.3
150,S,1.4336,7.2234,,,7.2953,7.4194,7.5352,7.6439,,7.7468,,7.8447,,,,,8.028,,,,8.1976,,,,8.3562,,8.5056,,8.6472,,8.7819,,8.9108,,9.0343
175,V,1.057,1003.34,,,1028.8,1099.1,1168.2,1236.4,,1304.1,,1371.3,,,,,1505.1,,,,1638.3,,,,1771.1,,1903.7,,2036.1,,2168.4,,2300.7,,2432.9
175,U,486.815,2524.7,,,2538.9,2578.2,2616.9,2655.3,,2693.7,,2732.1,,,,,2809.3,,,,2887.5,,,,2967.1,,3048.3,,3131,,3215.4,,3301.6,,3389.4
175,H,487,2700.3,,,2719,2770.5,2821.3,2871.7,,2921.9,,2972,,,,,3072.7,,,,3174.2,,,,3277.1,,3381.4,,3487.3,,3594.9,,3704.2,,3815.1
175,S,1.4849,7.1716,,,7.2191,7.3447,7.4614,7.5708,,7.6741,,7.7724,,,,,7.9561,,,,8.1259,,,,8.2847,,8.4341,,8.5758,,8.7106,,8.8394,,8.963
200,V,1.061,885.44,,,897.47,959.54,1020.4,1080.4,,1139.8,,1198.9,,,,,1316.2,,,,1432.8,,,,1549.2,,1665.3,,1781.2,,1897.1,,2012.9,,2128.6
200,U,504.489,2529.2,,,2536.9,2576.6,2615.7,2654.4,,2692.9,,2731.4,,,,,2808.8,,,,2887.2,,,,2966.9,,3048,,3130.8,,3215.3,,3301.4,,3389.2
200,H,504.701,2706.3,,,2716.4,2768.5,2819.8,2870.5,,2920.9,,2971.2,,,,,3072.1,,,,3173.8,,,,3276.7,,3381.1,,3487,,3594.7,,3704,,3815
200,S,1.5301,7.1268,,,7.1523,7.2794,7.3971,7.5072,,7.611,,7.7096,,,,,7.8937,,,,8.0638,,,,8.2226,,8.3722,,8.5139,,8.6487,,8.7776,,8.9012
225,V,1.064,792.97,,,795.25,850.97,905.44,959.06,,1012.1,,1064.7,,,,,1169.2,,,,1273.1,,,,1376.6,,1479.9,,1583,,1686,,1789,,1891.9
225,U,520.465,2533.2,,,2534.8,2575.1,2614.5,2653.5,,2692.2,,2730.8,,,,,2808.4,,,,2886.9,,,,2966.6,,3047.8,,3130.6,,3215.1,,3301.2,,3389.1
225,H,520.705,2711.6,,,2713.8,2766.5,2818.2,2869.3,,2919.9,,2970.4,,,,,3071.5,,,,3173.3,,,,3276.3,,3380.8,,3486.8,,3594.4,,3703.8,,3814.8
225,S,1.5705,7.0873,,,7.0928,7.2213,7.34,7.4508,,7.5551,,7.654,,,,,7.8385,,,,8.0088,,,,8.1679,,8.3175,,8.4593,,8.5942,,8.7231,,8.8467
250,V,1.068,718.44,,,,764.09,813.47,861.98,,909.91,,957.41,,,,,1051.6,,,,1145.2,,,,1238.5,,1331.5,,1424.4,,1517.2,,1609.9,,1702.5
250,U,535.077,2536.8,,,,2573.5,2613.3,2652.5,,2691.4,,2730.2,,,,,2808,,,,2886.5,,,,2966.3,,3047.6,,3130.4,,3214.9,,3301.1,,3389
250,H,535.343,2716.4,,,,2764.5,2816.7,2868,,2918.9,,2969.6,,,,,3070.9,,,,3172.8,,,,3275.9,,3380.4,,3486.5,,3594.2,,3703.6,,3814.6
250,S,1.6071,7.052,,,,7.1689,7.2886,7.4001,,7.505,,7.6042,,,,,7.7891,,,,7.9597,,,,8.1188,,8.2686,,8.4104,,8.5453,,8.6743,,8.798
275,V,1.071,657.04,,,,693,738.21,782.55,,826.29,,869.61,,,,,955.45,,,,1040.7,,,,1125.5,,1210.2,,1294.7,,1379,,1463.3,,1547.6
275,U,548.564,2540,,,,2571.9,2612.1,2651.6,,2690.7,,2729.6,,,,,2807.5,,,,2886.2,,,,2966,,3047.3,,3130.2,,3214.7,,3300.9,,3388.8
275,H,548.858,2720.7,,,,2762.5,2815.1,2866.8,,2917.9,,2968.7,,,,,3070.3,,,,3172.4,,,,3275.5,,3380.1,,3486.2,,3594,,3703.4,,3814.4
275,S,1.6407,7.0201,,,,7.1211,7.2419,7.3541,,7.4594,,7.559,,,,,7.7444,,,,7.9151,,,,8.0744,,8.2243,,8.3661,,8.5011,,8.6301,,8.7538
300,V,1.073,605.56,,,,633.74,675.49,716.35,,756.6,,796.44,,,,,875.29,,,,953.52,,,,1031.4,,1109,,1186.5,,1263.9,,1341.2,,1418.5
300,U,561.107,2543,,,,2570.3,2610.8,2650.6,,2689.9,,2729,,,,,2807.1,,,,2885.8,,,,2965.8,,3047.1,,3130,,3214.5,,3300.8,,3388.7
300,H,561.429,2724.7,,,,2760.4,2813.5,2865.5,,2916.9,,2967.9,,,,,3069.7,,,,3171.9,,,,3275.2,,3379.8,,3486,,3593.7,,3703.2,,3814.2
300,S,1.6716,6.9909,,,,7.0771,7.199,7.3119,,7.4177,,7.5176,,,,,7.7034,,,,7.8744,,,,8.0338,,8.1838,,8.3257,,8.4608,,8.5898,,8.7135
325,V,1.076,561.75,,,,583.58,622.41,660.33,690.22,,719.81,,749.18,,778.39,,807.47,,843.68,,879.78,,,,951.73,,1023.5,,1095,,1166.5,,1237.9,,1309.2
325,U,572.847,2545.7,,,,2568.7,2609.6,2649.6,2681.2,,2712.7,,2744,,2775.3,,2806.6,,2845.9,,2885.5,,,,2965.5,,3046.9,,3129.8,,3214.4,,3300.6,,3388.6
325,H,573.197,2728.3,,,,2758.4,2811.9,2864.2,2905.6,,2946.6,,2987.5,,3028.2,,3069,,3120.1,,3171.4,,,,3274.8,,3379.5,,3485.7,,3593.5,,3702.9,,3814.1
325,S,1.7004,6.964,,,,7.0363,7.1592,7.2729,7.3585,,7.44,,7.5181,,7.5933,,7.6657,,7.753,,7.8369,,,,7.9965,,8.1465,,8.2885,,8.4236,,8.5527,,8.6764
350,V,1.079,524,,,,540.58,576.9,612.31,640.18,,667.75,,695.09,,722.27,,749.33,,783.01,,816.57,,,,883.45,,950.11,,1016.6,,1083,,1149.3,,1215.6
350,U,583.892,2548.2,,,,2567.1,2608.3,2648.6,2680.4,,2712,,2743.4,,2774.8,,2806.2,,2845.6,,2885.1,,,,2965.2,,3046.6,,3129.6,,3214.2,,3300.5,,3388.4
350,H,584.27,2731.6,,,,2756.3,2810.3,2863,2904.5,,2945.7,,2986.7,,3027.6,,3068.4,,3119.6,,3170.9,,,,3274.4,,3379.2,,3485.4,,3593.3,,3702.7,,3813.9
350,S,1.7273,6.9392,,,,6.9982,7.1222,7.2366,7.3226,,7.4045,,7.4828,,7.5581,,7.6307,,7.7181,,7.8022,,,,7.9619,,8.112,,8.254,,8.3892,,8.5183,,8.6421
375,V,1.081,491.13,,,,503.29,537.46,570.69,596.81,,622.62,,648.22,,673.64,,698.94,,730.42,,761.79,,,,824.28,,886.54,,948.66,,1010.7,,1072.6,,1134.5
375,U,594.332,2550.6,,,,2565.4,2607.1,2647.7,2679.6,,2711.3,,2742.8,,2774.3,,2805.7,,2845.2,,2884.8,,,,2964.9,,3046.4,,3129.4,,3214,,3300.3,,3388.3
375,H,594.737,2734.7,,,,2754.1,2808.6,2861.7,2903.4,,2944.8,,2985.9,,3026.9,,3067.8,,3119.1,,3170.5,,,,3274,,3378.8,,3485.1,,3593,,3702.5,,3813.7
375,S,1.7526,6.916,,,,6.9624,7.0875,7.2027,7.2891,,7.3713,,7.4499,,7.5254,,7.5981,,7.6856,,7.7698,,,,7.9296,,8.0798,,8.2219,,8.3571,,8.4863,,8.6101
400,V,1.084,462.22,,,,470.66,502.93,534.26,558.85,,583.14,,607.2,,631.09,,654.85,,684.41,,713.85,,,,772.5,,830.92,,889.19,,947.35,,1005.4,,1063.4
400,U,604.237,2552.7,,,,2563.7,2605.8,2646.7,2678.8,,2710.6,,2742.2,,2773.7,,2805.3,,2844.8,,2884.5,,,,2964.6,,3046.2,,3129.2,,3213.8,,3300.2,,3388.2
400,H,604.67,2737.6,,,,2752,2807,2860.4,2902.3,,2943.9,,2985.1,,3026.2,,3067.2,,3118.5,,3170,,,,3273.6,,3378.5,,3484.9,,3592.8,,3702.3,,3813.5
400,S,1.7764,6.8943,,,,6.9285,7.0548,7.1708,7.2576,,7.3402,,7.419,,7.4947,,7.5675,,7.6552,,7.7395,,,,7.8994,,8.0497,,8.1919,,8.3271,,8.4563,,8.5802
425,V,1.086,436.61,,,,441.85,472.47,502.12,525.36,,548.3,,571.01,,593.54,,615.95,,643.81,,671.56,,,,726.81,,781.84,,836.72,,891.49,,946.17,,1000.8
425,U,613.667,2554.8,,,,2562,2604.5,2645.7,2678,,2709.9,,2741.6,,2773.2,,2804.8,,2844.4,,2884.1,,,,2964.4,,3045.9,,3129,,3213.7,,3300,,3388
425,H,614.128,2740.3,,,,2749.8,2805.3,2859.1,2901.2,,2942.9,,2984.3,,3025.5,,3066.6,,3118,,3169.5,,,,3273.3,,3378.2,,3484.6,,3592.5,,3702.1,,3813.4
425,S,1.799,6.8739,,,,6.8965,7.0239,7.1407,7.228,,7.3108,,7.3899,,7.4657,,7.5388,,7.6265,,7.7109,,,,7.871,,8.0214,,8.1636,,8.2989,,8.4282,,8.552
450,V,1.088,413.75,,,,416.24,445.38,473.55,495.59,,517.33,,538.83,,560.17,,581.37,,607.73,,633.97,,,,686.2,,738.21,,790.07,,841.83,,893.5,,945.1
450,U,622.672,2556.7,,,,2560.3,2603.2,2644.7,2677.1,,2709.2,,2741,,2772.7,,2804.4,,2844,,2883.8,,,,2964.1,,3045.7,,3128.8,,3213.5,,3299.8,,3387.9
450,H,623.162,2742.9,,,,2747.7,2803.7,2857.8,2900.2,,2942,,2983.5,,3024.8,,3066,,3117.5,,3169.1,,,,3272.9,,3377.9,,3484.3,,3592.3,,3701.9,,3813.2
450,S,1.8204,6.8547,,,,6.866,6.9946,7.1121,7.1999,,7.2831,,7.3624,,7.4384,,7.5116,,7.5995,,7.684,,,,7.8442,,7.9947,,8.137,,8.2723,,8.4016,,8.5255
475,V,1.091,393.22,,,,393.31,421.14,447.97,468.95,,489.62,,510.05,,530.3,,550.43,,575.44,,600.33,,,,649.87,,699.18,,748.34,,797.4,,846.37,,895.27
475,U,631.294,2558.5,,,,2558.6,2601.9,2643.7,2676.3,,2708.5,,2740.4,,2772.2,,2803.9,,2843.6,,2883.4,,,,2963.8,,3045.4,,3128.6,,3213.3,,3299.7,,3387.7
475,H,631.812,2745.3,,,,2745.5,2802,2856.5,2899.1,,2941.1,,2982.7,,3024.1,,3065.4,,3116.9,,3168.6,,,,3272.5,,3377.6,,3484,,3592.1,,3701.7,,3813
475,S,1.8408,6.8365,,,,6.8369,6.9667,7.085,7.1732,,7.2567,,7.3363,,7.4125,,7.4858,,7.5739,,7.6585,,,,7.8189,,7.9694,,8.1118,,8.2472,,8.3765,,8.5004
500,V,1.093,374.68,,,,,399.31,424.96,444.97,,464.67,,484.14,,503.43,,522.58,,546.38,,570.05,,,,617.16,,664.05,,710.78,,757.41,,803.95,,850.42
500,U,639.569,2560.2,,,,,2600.6,2642.7,2675.5,,2707.8,,2739.8,,2771.7,,2803.5,,2843.2,,2883.1,,,,2963.5,,3045.2,,3128.4,,3213.1,,3299.5,,3387.6
500,H,640.116,2747.5,,,,,2800.3,2855.1,2898,,2940.1,,2981.9,,3023.4,,3064.8,,3116.4,,3168.1,,,,3272.1,,3377.2,,3483.8,,3591.8,,3701.5,,3812.8
500,S,1.8604,6.8192,,,,,6.94,7.0592,7.1478,,7.2317,,7.3115,,7.3879,,7.4614,,7.5496,,7.6343,,,,7.7948,,7.9454,,8.0879,,8.2233,,8.3526,,8.4766
525,V,1.095,357.84,,,,,379.56,404.13,423.28,,442.11,,460.7,,479.11,,497.38,,520.08,,542.66,,,,587.58,,632.26,,676.8,,721.23,,765.57,,809.85
525,U,647.528,2561.8,,,,,2599.3,2641.6,2674.6,,2707.1,,2739.2,,2771.2,,2803,,2842.8,,2882.7,,,,2963.2,,3045,,3128.2,,3213,,3299.4,,3387.5
525,H,648.103,2749.7,,,,,2798.6,2853.8,2896.8,,2939.2,,2981.1,,3022.7,,3064.1,,3115.9,,3167.6,,,,3271.7,,3376.9,,3483.5,,3591.6,,3701.3,,3812.6
525,S,1.879,6.8027,,,,,6.9145,7.0345,7.1236,,7.2078,,7.2879,,7.3645,,7.4381,,7.5264,,7.6112,,,,7.7719,,7.9226,,8.0651,,8.2006,,8.3299,,8.4539
550,V,1.097,342.48,,,,,361.6,385.19,403.55,,421.59,,439.38,,457,,474.48,,496.18,,517.76,,,,560.68,,603.37,,645.91,,688.34,,730.68,,772.96
550,U,655.199,2563.3,,,,,2598,2640.6,2673.8,,2706.4,,2738.6,,2770.6,,2802.6,,2842.4,,2882.4,,,,2963,,3044.7,,3128,,3212.8,,3299.2,,3387.3
550,H,655.802,2751.7,,,,,2796.8,2852.5,2895.7,,2938.3,,2980.3,,3022,,3063.5,,3115.3,,3167.2,,,,3271.3,,3376.6,,3483.2,,3591.4,,3701.1,,3812.5
550,S,1.897,6.787,,,,,6.89,7.0108,7.1004,,7.1849,,7.2653,,7.3421,,7.4158,,7.5043,,7.5892,,,,7.75,,7.9008,,8.0433,,8.1789,,8.3083,,8.4323
575,V,1.099,328.41,,,,,345.2,367.9,385.54,,402.85,,419.92,,436.81,,453.56,,474.36,,495.03,,,,536.12,,576.98,,617.7,,658.3,,698.83,,739.28
575,U,662.603,2564.8,,,,,2596.6,2639.6,2672.9,,2705.7,,2738,,2770.1,,2802.1,,2842,,2882.1,,,,2962.7,,3044.5,,3127.8,,3212.6,,3299.1,,3387.2
575,H,663.235,2753.6,,,,,2795.1,2851.1,2894.6,,2937.3,,2979.5,,3021.3,,3062.9,,3114.8,,3166.7,,,,3271,,3376.3,,3482.9,,3591.1,,3700.9,,3812.3
575,S,1.9142,6.772,,,,,6.8664,6.988,7.0781,,7.163,,7.2436,,7.3206,,7.3945,,7.4831,,7.5681,,,,7.729,,7.8799,,8.0226,,8.1581,,8.2876,,8.4116
600,V,1.101,315.47,,,,,330.16,352.04,369.03,,385.68,,402.08,,418.31,,434.39,,454.35,,474.19,,,,513.61,,552.8,,591.84,,630.78,,669.63,,708.41
600,U,669.762,2566.2,,,,,2595.3,2638.5,2672.1,,2705,,2737.4,,2769.6,,2801.6,,2841.6,,2881.7,,,,2962.4,,3044.3,,3127.6,,3212.4,,3298.9,,3387.1
600,H,670.423,2755.5,,,,,2793.3,2849.7,2893.5,,2936.4,,2978.7,,3020.6,,3062.3,,3114.3,,3166.2,,,,3270.6,,3376,,3482.7,,3590.9,,3700.7,,3812.1
600,S,1.9308,6.7575,,,,,6.8437,6.9662,7.0567,,7.1419,,7.2228,,7.3,,7.374,,7.4628,,7.5479,,,,7.709,,7.86,,8.0027,,8.1383,,8.2678,,8.3919
625,V,1.103,303.54,,,,,316.31,337.45,353.83,,369.87,,385.67,,401.28,,416.75,,435.94,,455.01,,,,492.89,,530.55,,568.05,,605.45,,642.76,,680.01
625,U,676.695,2567.5,,,,,2593.9,2637.5,2671.2,,2704.2,,2736.8,,2769.1,,2801.2,,2841.2,,2881.4,,,,2962.1,,3044,,3127.4,,3212.2,,3298.8,,3386.9
625,H,677.384,2757.2,,,,,2791.6,2848.4,2892.3,,2935.4,,2977.8,,3019.9,,3061.7,,3113.7,,3165.7,,,,3270.2,,3375.6,,3482.4,,3590.7,,3700.5,,3811.9
625,S,1.9469,6.7437,,,,,6.8217,6.9451,7.0361,,7.1217,,7.2028,,7.2802,,7.3544,,7.4433,,7.5285,,,,7.6897,,7.8408,,7.9836,,8.1192,,8.2488,,8.3729
650,V,1.105,292.49,,,,,303.53,323.98,339.8,,355.29,,370.52,,385.56,,400.47,,418.95,,437.31,,,,473.78,,510.01,,546.1,,582.07,,617.96,,653.79
650,U,683.417,2568.7,,,,,2592.5,2636.4,2670.3,,2703.5,,2736.2,,2768.5,,2800.7,,2840.9,,2881,,,,2961.8,,3043.8,,3127.2,,3212.1,,3298.6,,3386.8
650,H,684.135,2758.9,,,,,2789.8,2847,2891.2,,2934.4,,2977,,3019.2,,3061,,3113.2,,3165.3,,,,3269.8,,3375.3,,3482.1,,3590.4,,3700.3,,3811.8
650,S,1.9623,6.7304,,,,,6.8004,6.9247,7.0162,,7.1021,,7.1835,,7.2611,,7.3355,,7.4245,,7.5099,,,,7.6712,,7.8224,,7.9652,,8.1009,,8.2305,,8.3546
675,V,1.106,282.23,,,,,291.69,311.51,326.81,,341.78,,356.49,,371.01,,385.39,,403.22,,420.92,,,,456.07,,491,,525.77,,560.43,,595,,629.51
675,U,689.943,2570,,,,,2591.1,2635.4,2669.5,,2702.8,,2735.6,,2768,,2800.3,,2840.5,,2880.7,,,,2961.6,,3043.6,,3127,,3211.9,,3298.5,,3386.7
675,H,690.689,2760.5,,,,,2788,2845.6,2890.1,,2933.5,,2976.2,,3018.5,,3060.4,,3112.6,,3164.8,,,,3269.4,,3375,,3481.8,,3590.2,,3700.1,,3811.6
675,S,1.9773,6.7176,,,,,6.7798,6.905,6.997,,7.0833,,7.165,,7.2428,,7.3173,,7.4064,,7.4919,,,,7.6534,,7.8046,,7.9475,,8.0833,,8.2129,,8.3371
700,V,1.108,272.68,,,,,280.69,299.92,314.75,,329.23,,343.46,,357.5,,371.39,,388.61,,405.71,,,,439.64,,473.34,,506.89,,540.33,,573.68,,606.97
700,U,696.285,2571.1,,,,,2589.7,2634.3,2668.6,,2702.1,,2735,,2767.5,,2799.8,,2840.1,,2880.3,,,,2961.3,,3043.3,,3126.8,,3211.7,,3298.3,,3386.5
700,H,697.061,2762,,,,,2786.2,2844.2,2888.9,,2932.5,,2975.4,,3017.7,,3059.8,,3112.1,,3164.3,,,,3269,,3374.7,,3481.6,,3589.9,,3699.9,,3811.4
700,S,1.9918,6.7052,,,,,6.7598,6.8859,6.9784,,7.0651,,7.147,,7.225,,7.2997,,7.389,,7.4745,,,,7.6362,,7.7875,,7.9305,,8.0663,,8.1959,,8.3201
725,V,1.11,263.77,,,,,270.45,289.13,303.51,,317.55,,331.33,,344.92,,358.36,,375.01,,391.54,,,,424.33,,456.9,,489.31,,521.61,,553.83,,585.99
725,U,702.457,2572.2,,,,,2588.3,2633.2,2667.7,,2701.3,,2734.3,,2767,,2799.3,,2839.7,,2880,,,,2961,,3043.1,,3126.6,,3211.5,,3298.1,,3386.4
725,H,703.261,2763.4,,,,,2784.4,2842.8,2887.7,,2931.5,,2974.6,,3017,,3059.1,,3111.5,,3163.8,,,,3268.7,,3374.3,,3481.3,,3589.7,,3699.7,,3811.2
725,S,2.0059,6.6932,,,,,6.7404,6.8673,6.9604,,7.0474,,7.1296,,7.2078,,7.2827,,7.3721,,7.4578,,,,7.6196,,7.771,,7.914,,8.0499,,8.1796,,8.3038
750,V,1.112,255.43,,,,,260.88,279.05,293.03,,306.65,,320.01,,333.17,,346.19,,362.32,,378.31,,394.22,,410.05,,441.55,,472.9,,504.15,,535.3,,566.4
750,U,708.467,2573.3,,,,,2586.9,2632.1,2666.8,,2700.6,,2733.7,,2766.4,,2798.9,,2839.3,,2879.6,,2920.1,,2960.7,,3042.9,,3126.3,,3211.4,,3298,,3386.2
750,H,709.301,2764.8,,,,,2782.5,2841.4,2886.6,,2930.6,,2973.7,,3016.3,,3058.5,,3111,,3163.4,,3215.7,,3268.3,,3374,,3481,,3589.5,,3699.5,,3811
750,S,2.0195,6.6817,,,,,6.7215,6.8494,6.9429,,7.0303,,7.1128,,7.1912,,7.2662,,7.3558,,7.4416,,7.524,,7.6035,,7.755,,7.8981,,8.034,,8.1637,,8.288
775,V,1.113,247.61,,,,,251.93,269.63,283.22,,296.45,,309.41,,322.19,,334.81,,350.44,,365.94,,381.35,,396.69,,427.2,,457.56,,487.81,,517.97,,548.07
775,U,714.326,2574.3,,,,,2585.4,2631,2665.9,,2699.8,,2733.1,,2765.9,,2798.4,,2838.9,,2879.3,,2919.8,,2960.4,,3042.6,,3126.1,,3211.2,,3297.8,,3386.1
775,H,715.189,2766.2,,,,,2780.7,2840,2885.4,,2929.6,,2972.9,,3015.6,,3057.9,,3110.5,,3162.9,,3215.3,,3267.9,,3373.7,,3480.8,,3589.2,,3699.3,,3810.9
775,S,2.0328,6.6705,,,,,6.7031,6.8319,6.9259,,7.0137,,7.0965,,7.1751,,7.2502,,7.34,,7.4259,,7.5084,,7.588,,7.7396,,7.8827,,8.0187,,8.1484,,8.2727
800,V,1.115,240.26,,,,,243.53,260.79,274.02,,286.88,,299.48,,311.89,,324.14,,339.31,,354.34,,369.29,,384.16,,413.74,,443.17,,472.49,,501.72,,530.89
800,U,720.043,2575.3,,,,,2584,2629.9,2665,,2699.1,,2732.5,,2765.4,,2797.9,,2838.5,,2878.9,,2919.5,,2960.2,,3042.4,,3125.9,,3211,,3297.7,,3386
800,H,720.935,2767.5,,,,,2778.8,2838.6,2884.2,,2928.6,,2972.1,,3014.9,,3057.3,,3109.9,,3162.4,,3214.9,,3267.5,,3373.4,,3480.5,,3589,,3699.1,,3810.7
800,S,2.0457,6.6596,,,,,6.6851,6.8148,6.9094,,6.9976,,7.0807,,7.1595,,7.2348,,7.3247,,7.4107,,7.4932,,7.5729,,7.7246,,7.8678,,8.0038,,8.1336,,8.2579
825,V,1.117,233.34,,,,,235.64,252.48,265.37,,277.9,,290.15,,302.21,,314.12,,328.85,,343.45,,357.96,,372.39,,401.1,,429.65,,458.1,,486.46,,514.76
825,U,725.625,2576.2,,,,,2582.5,2628.8,2664.1,,2698.4,,2731.8,,2764.8,,2797.5,,2838.1,,2878.6,,2919.1,,2959.9,,3042.2,,3125.7,,3210.8,,3297.5,,3385.8
825,H,726.547,2768.7,,,,,2776.9,2837.1,2883.1,,2927.6,,2971.2,,3014.1,,3056.6,,3109.4,,3161.9,,3214.5,,3267.1,,3373.1,,3480.2,,3588.8,,3698.8,,3810.5
825,S,2.0583,6.6491,,,,,6.6675,6.7982,6.8933,,6.9819,,7.0653,,7.1443,,7.2197,,7.3098,,7.3959,,7.4786,,7.5583,,7.7101,,7.8533,,7.9894,,8.1192,,8.2436
850,V,1.118,226.81,,,,,228.21,244.66,257.24,,269.44,,281.37,,293.1,,304.68,,319,,333.2,,347.29,,361.31,,389.2,,416.93,,444.56,,472.09,,499.57
850,U,731.08,2577.1,,,,,2581.1,2627.7,2663.2,,2697.6,,2731.2,,2764.3,,2797,,2837.7,,2878.2,,2918.8,,2959.6,,3041.9,,3125.5,,3210.7,,3297.4,,3385.7
850,H,732.031,2769.9,,,,,2775.1,2835.7,2881.9,,2926.6,,2970.4,,3013.4,,3056,,3108.8,,3161.4,,3214,,3266.7,,3372.7,,3479.9,,3588.5,,3698.6,,3810.3
850,S,2.0705,6.6388,,,,,6.6504,6.782,6.8777,,6.9666,,7.0503,,7.1295,,7.2051,,7.2954,,7.3815,,7.4643,,7.5441,,7.696,,7.8393,,7.9754,,8.1053,,8.2296
875,V,1.12,220.65,,,,,221.2,237.29,249.56,,261.46,,273.09,,284.51,,295.79,,309.72,,323.53,,337.24,,350.87,,377.98,,404.94,,431.79,,458.55,,485.25
875,U,736.415,2578,,,,,2579.6,2626.6,2662.3,,2696.8,,2730.6,,2763.7,,2796.5,,2837.3,,2877.9,,2918.5,,2959.3,,3041.7,,3125.3,,3210.5,,3297.2,,3385.6
875,H,737.394,2771,,,,,2773.1,2834.2,2880.7,,2925.6,,2969.5,,3012.7,,3055.3,,3108.3,,3161,,3213.6,,3266.3,,3372.4,,3479.7,,3588.3,,3698.4,,3810.2
875,S,2.0825,6.6289,,,,,6.6336,6.7662,6.8624,,6.9518,,7.0357,,7.1152,,7.1909,,7.2813,,7.3676,,7.4504,,7.5303,,7.6823,,7.8257,,7.9618,,8.0917,,8.2161
900,V,1.121,214.81,,,,,,230.32,242.31,,253.93,,265.27,,276.4,,287.39,,300.96,,314.4,,327.74,,341.01,,367.39,,393.61,,419.73,,445.76,,471.72
900,U,741.635,2578.8,,,,,,2625.5,2661.4,,2696.1,,2729.9,,2763.2,,2796.1,,2836.9,,2877.5,,2918.2,,2959,,3041.4,,3125.1,,3210.3,,3297.1,,3385.4
900,H,742.644,2772.1,,,,,,2832.7,2879.5,,2924.6,,2968.7,,3012,,3054.7,,3107.7,,3160.5,,3213.2,,3266,,3372.1,,3479.4,,3588.1,,3698.2,,3810
900,S,2.0941,6.6192,,,,,,6.7508,6.8475,,6.9373,,7.0215,,7.1012,,7.1771,,7.2676,,7.354,,7.437,,7.5169,,7.6689,,7.8124,,7.9486,,8.0785,,8.203
925,V,1.123,209.28,,,,,,223.73,235.46,,246.8,,257.87,,268.73,,279.44,,292.66,,305.76,,318.75,,331.68,,357.36,,382.9,,408.32,,433.66,,458.93
925,U,746.746,2579.6,,,,,,2624.3,2660.5,,2695.3,,2729.3,,2762.6,,2795.6,,2836.5,,2877.2,,2917.9,,2958.8,,3041.2,,3124.9,,3210.1,,3296.9,,3385.3
925,H,747.784,2773.2,,,,,,2831.3,2878.3,,2923.6,,2967.8,,3011.2,,3054.1,,3107.2,,3160,,3212.7,,3265.6,,3371.8,,3479.1,,3587.8,,3698,,3809.8
925,S,2.1055,6.6097,,,,,,6.7357,6.8329,,6.9231,,7.0076,,7.0875,,7.1636,,7.2543,,7.3408,,7.4238,,7.5038,,7.656,,7.7995,,7.9357,,8.0657,,8.1902
950,V,1.124,204.03,,,,,,217.48,228.96,,240.05,,250.86,,261.46,,271.91,,284.81,,297.57,,310.24,,322.84,,347.87,,372.74,,397.51,,422.19,,446.81
950,U,751.754,2580.4,,,,,,2623.2,2659.5,,2694.6,,2728.7,,2762.1,,2795.1,,2836,,2876.8,,2917.6,,2958.5,,3041,,3124.7,,3209.9,,3296.7,,3385.1
950,H,752.822,2774.2,,,,,,2829.8,2877,,2922.6,,2967,,3010.5,,3053.4,,3106.6,,3159.5,,3212.3,,3265.2,,3371.5,,3478.8,,3587.6,,3697.8,,3809.6
950,S,2.1166,6.6005,,,,,,6.7209,6.8187,,6.9093,,6.9941,,7.0742,,7.1505,,7.2413,,7.3279,,7.411,,7.4911,,7.6433,,7.7869,,7.9232,,8.0532,,8.1777
975,V,1.126,199.04,,,,,,211.55,222.79,,233.64,,244.2,,254.56,,264.76,,277.35,,289.81,,302.17,,314.45,,338.86,,363.11,,387.26,,411.32,,435.31
975,U,756.663,2581.1,,,,,,2622,2658.6,,2693.8,,2728,,2761.5,,2794.6,,2835.6,,2876.5,,2917.3,,2958.2,,3040.7,,3124.5,,3209.8,,3296.6,,3385
975,H,757.761,2775.2,,,,,,2828.3,2875.8,,2921.6,,2966.1,,3009.7,,3052.8,,3106.1,,3159,,3211.9,,3264.8,,3371.1,,3478.6,,3587.3,,3697.6,,3809.4
975,S,2.1275,6.5916,,,,,,6.7064,6.8048,,6.8958,,6.9809,,7.0612,,7.1377,,7.2286,,7.3154,,7.3986,,7.4787,,7.631,,7.7747,,7.911,,8.041,,8.1656
1000,V,1.127,194.29,,,,,,205.92,216.93,,227.55,,237.89,,248.01,,257.98,,270.27,,282.43,,294.5,,306.49,,330.3,,353.96,,377.52,,400.98,,424.38
1000,U,761.478,2581.9,,,,,,2620.9,2657.7,,2693,,2727.4,,2761,,2794.2,,2835.2,,2876.1,,2917,,2957.9,,3040.5,,3124.3,,3209.6,,3296.4,,3384.9
1000,H,762.605,2776.2,,,,,,2826.8,2874.6,,2920.6,,2965.2,,3009,,3052.1,,3105.5,,3158.5,,3211.5,,3264.4,,3370.8,,3478.3,,3587.1,,3697.4,,3809.3
1000,S,2.1382,6.5828,,,,,,6.6922,6.7911,,6.8825,,6.968,,7.0485,,7.1251,,7.2163,,7.3031,,7.3864,,7.4665,,7.619,,7.7627,,7.8991,,8.0292,,8.1537
1050,V,1.13,185.45,,,,,,195.45,206.04,,216.24,,226.15,,235.84,,245.37,,257.12,,268.74,,280.25,,291.69,,314.41,,336.97,,359.43,,381.79,,404.1
1050,U,770.843,2583.3,,,,,,2618.5,2655.8,,2691.5,,2726.1,,2759.9,,2793.2,,2834.4,,2875.4,,2916.3,,2957.4,,3040,,3123.9,,3209.2,,3296.1,,3384.6
1050,H,772.029,2778,,,,,,2823.8,2872.1,,2918.5,,2963.5,,3007.5,,3050.8,,3104.4,,3157.6,,3210.6,,3263.6,,3370.2,,3477.7,,3586.6,,3697,,3808.9
1050,S,2.1588,6.5659,,,,,,6.6645,6.7647,,6.8569,,6.943,,7.024,,7.1009,,7.1924,,7.2795,,7.3629,,7.4432,,7.5958,,7.7397,,7.8762,,8.0063,,8.1309
1100,V,1.133,177.38,,,,,,185.92,196.14,,205.96,,215.47,,224.77,,233.91,,245.16,,256.28,,267.3,,278.24,,299.96,,321.53,,342.98,,364.35,,385.65
1100,U,779.878,2584.5,,,,,,2616.2,2653.9,,2689.9,,2724.7,,2758.8,,2792.2,,2833.6,,2874.7,,2915.7,,2956.8,,3039.6,,3123.5,,3208.9,,3295.8,,3384.3
1100,H,781.124,2779.7,,,,,,2820.7,2869.6,,2916.4,,2961.8,,3006,,3049.6,,3103.3,,3156.6,,3209.7,,3262.9,,3369.5,,3477.2,,3586.2,,3696.6,,3808.5
1100,S,2.1786,6.5497,,,,,,6.6379,6.7392,,6.8323,,6.919,,7.0005,,7.0778,,7.1695,,7.2569,,7.3405,,7.4209,,7.5737,,7.7177,,7.8543,,7.9845,,8.1092
1150,V,1.136,169.99,,,,,,177.22,187.1,,196.56,,205.73,,214.67,,223.44,,234.25,,244.91,,255.47,,265.96,,286.77,,307.42,,327.97,,348.42,,368.81
1150,U,788.611,2585.8,,,,,,2613.8,2651.9,,2688.3,,2723.4,,2757.7,,2791.3,,2832.8,,2874,,2915.1,,2956.2,,3039.1,,3123.1,,3208.5,,3295.5,,3384.1
1150,H,789.917,2781.3,,,,,,2817.6,2867.1,,2914.4,,2960,,3004.5,,3048.2,,3102.2,,3155.6,,3208.9,,3262.1,,3368.9,,3476.6,,3585.7,,3696.2,,3808.2
1150,S,2.1977,6.5342,,,,,,6.6122,6.7147,,6.8086,,6.8959,,6.9779,,7.0556,,7.1476,,7.2352,,7.319,,7.3995,,7.5525,,7.6966,,7.8333,,7.9636,,8.0883
1200,V,1.139,163.2,,,,,,169.23,178.8,,187.95,,196.79,,205.4,,213.85,,224.24,,234.49,,244.63,,254.7,,274.68,,294.5,,314.2,,333.82,,353.38
1200,U,797.064,2586.9,,,,,,2611.3,2650,,2686.7,,2722.1,,2756.5,,2790.3,,2832,,2873.3,,2914.4,,2955.7,,3038.6,,3122.7,,3208.2,,3295.2,,3383.8
1200,H,798.43,2782.7,,,,,,2814.4,2864.5,,2912.2,,2958.2,,3003,,3046.9,,3101,,3154.6,,3208,,3261.3,,3368.2,,3476.1,,3585.2,,3695.8,,3807.8
1200,S,2.2161,6.5194,,,,,,6.5872,6.6909,,6.7858,,6.8738,,6.9562,,7.0342,,7.1266,,7.2144,,7.2983,,7.379,,7.5323,,7.6765,,7.8132,,7.9436,,8.0684
1250,V,1.141,156.93,,,,,,161.88,171.17,,180.02,,188.56,,196.88,,205.02,,215.03,,224.9,,234.66,,244.35,,263.55,,282.6,,301.54,,320.39,,339.18
1250,U,805.259,2588,,,,,,2608.9,2648,,2685.1,,2720.8,,2755.4,,2789.3,,2831.1,,2872.5,,2913.8,,2955.1,,3038.1,,3122.3,,3207.8,,3294.9,,3383.5
1250,H,806.685,2784.1,,,,,,2811.2,2861.9,,2910.1,,2956.5,,3001.5,,3045.6,,3099.9,,3153.7,,3207.1,,3260.5,,3367.6,,3475.5,,3584.7,,3695.4,,3807.5
1250,S,2.2338,6.505,,,,,,6.563,6.668,,6.7637,,6.8523,,6.9353,,7.0136,,7.1064,,7.1944,,7.2785,,7.3593,,7.5128,,7.6571,,7.794,,7.9244,,8.0493
1300,V,1.144,151.13,,,,,,155.09,164.11,,172.7,,180.97,,189.01,,196.87,,206.53,,216.05,,225.46,,234.79,,253.28,,271.62,,289.85,,307.99,,326.07
1300,U,813.213,2589,,,,,,2606.4,2646,,2683.5,,2719.4,,2754.3,,2788.4,,2830.3,,2871.8,,2913.2,,2954.5,,3037.7,,3121.9,,3207.5,,3294.6,,3383.2
1300,H,814.7,2785.4,,,,,,2808,2859.3,,2908,,2954.7,,3000,,3044.3,,3098.8,,3152.7,,3206.3,,3259.7,,3366.9,,3475,,3584.3,,3695,,3807.1
1300,S,2.251,6.4913,,,,,,6.5394,6.6457,,6.7424,,6.8316,,6.9151,,6.9938,,7.0869,,7.1751,,7.2594,,7.3404,,7.494,,7.6385,,7.7754,,7.906,,8.0309
1350,V,1.146,145.74,,,,,,148.79,,159.7,,169.96,,179.79,,,189.33,,198.66,,207.85,,216.93,,225.94,234.88,243.78,252.63,261.46,,279.03,,296.51,,313.93
1350,U,820.944,2589.9,,,,,,2603.9,,2653.6,,2700.1,,2744.4,,,2787.4,,2829.5,,2871.1,,2912.5,,2953.9,2995.5,3037.2,3079.2,3121.5,,3207.1,,3294.3,,3383
1350,H,822.491,2786.6,,,,,,2804.7,,2869.2,,2929.5,,2987.1,,,3043,,3097.7,,3151.7,,3205.4,,3259,3312.6,3366.3,3420.2,3474.4,,3583.8,,3694.5,,3806.8
1350,S,2.2676,6.478,,,,,,6.5165,,6.6493,,6.7675,,6.875,,,6.9746,,7.0681,,7.1566,,7.241,,7.3221,7.4003,7.4759,7.5493,7.6205,,7.7576,,7.8882,,8.0132
1400,V,1.149,140.72,,,,,,142.94,,153.57,,163.55,,173.08,,,182.32,,191.35,,200.24,,209.02,,217.72,226.35,234.95,243.5,252.02,,268.98,,285.85,,302.66
1400,U,828.465,2590.8,,,,,,2601.3,,2651.7,,2698.6,,2743.2,,,2786.4,,2828.6,,2870.4,,2911.9,,2953.4,2994.9,3036.7,3078.7,3121.1,,3206.8,,3293.9,,3382.7
1400,H,830.074,2787.8,,,,,,2801.4,,2866.7,,2927.6,,2985.5,,,3041.6,,3096.5,,3150.7,,3204.5,,3258.2,3311.8,3365.6,3419.6,3473.9,,3583.3,,3694.1,,3806.4
1400,S,2.2837,6.4651,,,,,,6.4941,,6.6285,,6.7477,,6.856,,,6.9561,,7.0499,,7.1386,,7.2233,,7.3045,7.3828,7.4585,7.5319,7.6032,,7.7404,,7.871,,7.9961
1450,V,1.151,136.04,,,,,,137.48,,147.86,,157.57,,166.83,,,175.79,,184.54,,193.15,,201.65,,210.06,218.42,226.72,234.99,243.23,,259.62,,275.93,,292.16
1450,U,835.791,2591.6,,,,,,2598.7,,2649.7,,2697.1,,2742,,,2785.4,,2827.8,,2869.7,,2911.3,,2952.8,2994.4,3036.2,3078.3,3120.7,,3206.4,,3293.6,,3382.4
1450,H,837.46,2788.9,,,,,,2798.1,,2864.1,,2925.5,,2983.9,,,3040.3,,3095.4,,3149.7,,3203.6,,3257.4,3311.1,3365,3419,3473.3,,3582.9,,3693.7,,3806.1
1450,S,2.2993,6.4526,,,,,,6.4722,,6.6082,,6.7286,,6.8376,,,6.9381,,7.0322,,7.1212,,7.2061,,7.2874,7.3658,7.4416,7.5151,7.5865,,7.7237,,7.8545,,7.9796
1500,V,1.154,131.66,,,,,,132.38,,142.53,,151.99,,161,,,169.7,,178.19,,186.53,,194.77,,202.92,211.01,219.05,227.06,235.03,,250.89,,266.66,,282.37
1500,U,842.933,2592.4,,,,,,2596.1,,2647.7,,2695.5,,2740.8,,,2784.4,,2826.9,,2868.9,,2910.6,,2952.2,2993.9,3035.8,3077.9,3120.3,,3206,,3293.3,,3382.1
1500,H,844.663,2789.9,,,,,,2794.7,,2861.5,,2923.5,,2982.3,,,3038.9,,3094.2,,3148.7,,3202.8,,3256.6,3310.4,3364.3,3418.4,3472.8,,3582.4,,3693.3,,3805.7
1500,S,2.3145,6.4406,,,,,,6.4508,,6.5885,,6.7099,,6.8196,,,6.9207,,7.0152,,7.1044,,7.1894,,7.2709,7.3494,7.4253,7.4989,7.5703,,7.7077,,7.8385,,7.9636
1550,V,1.156,127.55,,,,,,127.61,,137.54,,146.77,,155.54,,,164,,172.25,,180.34,,188.33,,196.24,204.08,211.87,219.63,227.35,,242.72,,258,,273.21
1550,U,849.901,2593.2,,,,,,2593.5,,2645.8,,2694,,2739.5,,,2783.4,,2826.1,,2868.2,,2910,,2951.7,2993.4,3035.3,3077.4,3119.8,,3205.7,,3293,,3381.9
1550,H,851.694,2790.8,,,,,,2791.3,,2858.9,,2921.5,,2980.6,,,3037.6,,3093.1,,3147.7,,3201.9,,3255.8,3309.7,3363.7,3417.8,3472.2,,3581.9,,3692.9,,3805.3
1550,S,2.3292,6.4289,,,,,,6.4298,,6.5692,,6.6917,,6.8022,,,6.9038,,6.9986,,7.0881,,7.1733,,7.255,7.3336,7.4095,7.4832,7.5547,,7.6921,,7.823,,7.9482
1600,V,1.159,123.69,,,,,,,,132.85,,141.87,,150.42,,,158.66,,166.68,,174.54,,182.3,,189.97,197.58,205.15,212.67,220.16,,235.06,,249.87,,264.62
1600,U,856.707,2593.8,,,,,,,,2643.7,,2692.4,,2738.3,,,2782.4,,2825.2,,2867.5,,2909.3,,2951.1,2992.9,3034.8,3077,3119.4,,3205.3,,3292.7,,3381.6
1600,H,858.561,2791.7,,,,,,,,2856.3,,2919.4,,2979,,,3036.2,,3091.9,,3146.7,,3201,,3255,3309,3363,3417.2,3471.7,,3581.4,,3692.5,,3805
1600,S,2.3436,6.4175,,,,,,,,6.5503,,6.674,,6.7852,,,6.8873,,6.9825,,7.0723,,7.1577,,7.2394,7.3182,7.3942,7.4679,7.5395,,7.677,,7.808,,7.9333
1650,V,1.161,120.05,,,,,,,,128.45,,137.27,,145.61,,,153.64,,161.44,,169.09,,176.63,,184.09,191.48,198.82,206.13,213.4,,227.86,,242.24,,256.55
1650,U,863.359,2594.5,,,,,,,,2641.7,,2690.9,,2737.1,,,2781.3,,2824.4,,2866.7,,2908.7,,2950.5,2992.3,3034.3,3076.5,3119,,3205,,3292.4,,3381.3
1650,H,865.275,2792.6,,,,,,,,2853.6,,2917.4,,2977.3,,,3034.8,,3090.8,,3145.7,,3200.1,,3254.2,3308.3,3362.4,3416.7,3471.1,,3581,,3692.1,,3804.6
1650,S,2.3576,6.4065,,,,,,,,6.5319,,6.6567,,6.7687,,,6.8713,,6.9669,,7.0569,,7.1425,,7.2244,7.3032,7.3794,7.4531,7.5248,,7.6624,,7.7934,,7.9188
1700,V,1.163,116.62,,,,,,,,124.31,,132.94,,141.09,,,148.91,,156.51,,163.96,,171.3,,178.55,185.74,192.87,199.97,207.04,,221.09,,235.06,,248.96
1700,U,869.866,2595.1,,,,,,,,2639.6,,2689.3,,2735.8,,,2780.3,,2823.5,,2866,,2908,,2949.9,2991.8,3033.9,3076.1,3118.6,,3204.6,,3292.1,,3381
1700,H,871.843,2793.4,,,,,,,,2851,,2915.3,,2975.6,,,3033.5,,3089.6,,3144.7,,3199.2,,3253.5,3307.6,3361.7,3416.1,3470.6,,3580.5,,3691.7,,3804.3
1700,S,2.3713,6.3957,,,,,,,,6.5138,,6.6398,,6.7526,,,6.8557,,6.9516,,7.0419,,7.1277,,7.2098,7.2887,7.3649,7.4388,7.5105,,7.6482,,7.7793,,7.9047
1750,V,1.166,113.38,,,,,,,,120.39,,128.85,,136.82,,,144.45,,151.87,,159.12,,166.27,,173.32,180.32,187.26,194.17,201.04,,214.71,,228.28,,241.8
1750,U,876.234,2595.7,,,,,,,,2637.6,,2687.7,,2734.5,,,2779.3,,2822.7,,2865.3,,2907.4,,2949.3,2991.3,3033.4,3075.7,3118.2,,3204.3,,3291.8,,3380.8
1750,H,878.274,2794.1,,,,,,,,2848.2,,2913.2,,2974,,,3032.1,,3088.4,,3143.7,,3198.4,,3252.7,3306.9,3361.1,3415.5,3470,,3580,,3691.3,,3803.9
1750,S,2.3846,6.3853,,,,,,,,6.4961,,6.6233,,6.7368,,,6.8405,,6.9368,,7.0273,,7.1133,,7.1955,7.2746,7.3509,7.4248,7.4965,,7.6344,,7.7656,,7.891
1800,V,1.168,110.32,,,,,,,,116.69,,124.99,,132.78,,,140.24,,147.48,,154.55,,161.51,,168.39,175.2,181.97,188.69,195.38,,208.68,,221.89,,235.03
1800,U,882.472,2596.3,,,,,,,,2635.5,,2686.1,,2733.3,,,2778.2,,2821.8,,2864.5,,2906.7,,2948.8,2990.8,3032.9,3075.2,3117.8,,3203.9,,3291.5,,3380.5
1800,H,884.574,2794.8,,,,,,,,2845.5,,2911,,2972.3,,,3030.7,,3087.3,,3142.7,,3197.5,,3251.9,3306.1,3360.4,3414.9,3469.5,,3579.5,,3690.9,,3803.6
1800,S,2.3976,6.3751,,,,,,,,6.4787,,6.6071,,6.7214,,,6.8257,,6.9223,,7.0131,,7.0993,,7.1816,7.2608,7.3372,7.4112,7.483,,7.6209,,7.7522,,7.8777
1850,V,1.17,107.41,,,,,,,,113.19,,121.33,,128.96,,,136.26,,143.33,,150.23,,157.02,,163.73,170.37,176.96,183.5,190.02,,202.97,,215.84,,228.64
1850,U,888.585,2596.8,,,,,,,,2633.3,,2684.4,,2732,,,2777.2,,2820.9,,2863.8,,2906.1,,2948.2,2990.3,3032.4,3074.8,3117.4,,3203.6,,3291.1,,3380.2
1850,H,890.75,2795.5,,,,,,,,2842.8,,2908.9,,2970.6,,,3029.3,,3086.1,,3141.7,,3196.6,,3251.1,3305.4,3359.8,3414.3,3468.9,,3579.1,,3690.4,,3803.2
1850,S,2.4103,6.3651,,,,,,,,6.4616,,6.5912,,6.7064,,,6.8112,,6.9082,,6.9993,,7.0856,,7.1681,7.2474,7.3239,7.398,7.4698,,7.6079,,7.7392,,7.8648
1900,V,1.172,104.65,,,,,,,,109.87,,117.87,,125.35,,,132.49,,139.39,,146.14,,152.76,,159.3,165.78,172.21,178.59,184.94,,197.57,,210.11,,222.58
1900,U,894.58,2597.3,,,,,,,,2631.2,,2682.8,,2730.7,,,2776.2,,2820.1,,2863,,2905.4,,2947.6,2989.7,3031.9,3074.3,3117,,3203.2,,3290.8,,3380
1900,H,896.807,2796.1,,,,,,,,2840,,2906.7,,2968.8,,,3027.9,,3084.9,,3140.7,,3195.7,,3250.3,3304.7,3359.1,3413.7,3468.4,,3578.6,,3690,,3802.8
1900,S,2.4228,6.3554,,,,,,,,6.4448,,6.5757,,6.6917,,,6.797,,6.8944,,6.9857,,7.0723,,7.155,7.2344,7.3109,7.3851,7.457,,7.5951,,7.7265,,7.8522
1950,V,1.174,102.031,,,,,,,,106.72,,114.58,,121.91,,,128.9,,135.66,,142.25,,148.72,,155.11,161.43,167.7,173.93,180.13,,192.44,,204.67,,216.83
1950,U,900.461,2597.7,,,,,,,,2629,,2681.1,,2729.4,,,2775.1,,2819.2,,2862.3,,2904.8,,2947,2989.2,3031.5,3073.9,3116.6,,3202.9,,3290.5,,3379.7
1950,H,902.752,2796.7,,,,,,,,2837.1,,2904.6,,2967.1,,,3026.5,,3083.7,,3139.7,,3194.8,,3249.5,3304,3358.5,3413.1,3467.8,,3578.1,,3689.6,,3802.5
1950,S,2.4349,6.3459,,,,,,,,6.4283,,6.5604,,6.6772,,,6.7831,,6.8809,,6.9725,,7.0593,,7.1421,7.2216,7.2983,7.3725,7.4445,,7.5827,,7.7142,,7.8399
2000,V,1.177,99.536,,,,,,,,103.72,,111.45,,118.65,,,125.5,,132.11,,138.56,,144.89,,151.13,157.3,163.42,169.51,175.55,,187.57,,199.5,,211.36
2000,U,906.236,2598.2,,,,,,,,2626.9,,2679.5,,2728.1,,,2774,,2818.3,,2861.5,,2904.1,,2946.4,2988.7,3031,3073.5,3116.2,,3202.5,,3290.2,,3379.4
2000,H,908.589,2797.2,,,,,,,,2834.3,,2902.4,,2965.4,,,3025,,3082.5,,3138.6,,3193.9,,3248.7,3303.3,3357.8,3412.5,3467.3,,3577.6,,3689.2,,3802.1
2000,S,2.4469,6.3366,,,,,,,,6.412,,6.5454,,6.6631,,,6.7696,,6.8677,,6.9596,,7.0466,,7.1296,7.2092,7.2859,7.3602,7.4323,,7.5706,,7.7022,,7.8279
2100,V,1.181,94.89,,,,,,,,98.147,,105.64,,112.59,,,119.18,,125.53,,131.7,,137.76,,143.73,149.63,155.48,161.28,167.06,,178.53,,189.91,,201.22
2100,U,917.479,2598.9,,,,,,,,2622.4,,2676.1,,2725.4,,,2771.9,,2816.5,,2860,,2902.8,,2945.3,2987.6,3030,3072.6,3115.3,,3201.8,,3289.6,,3378.9
2100,H,919.959,2798.2,,,,,,,,2828.5,,2897.9,,2961.9,,,3022.2,,3080.1,,3136.6,,3192.1,,3247.1,3301.8,3356.5,3411.3,3466.2,,3576.7,,3688.4,,3801.4
2100,S,2.47,6.3187,,,,,,,,6.3802,,6.5162,,6.6356,,,6.7432,,6.8422,,6.9347,,7.022,,7.1053,7.1851,7.2621,7.3365,7.4087,,7.5472,,7.6789,,7.8048
2200,V,1.185,90.652,,,,,,,,93.067,,100.35,,107.07,,,113.43,,119.53,,125.47,,131.28,,137,142.65,148.25,153.81,159.34,,170.3,,181.19,,192
2200,U,928.346,2599.6,,,,,,,,2617.9,,2672.7,,2722.7,,,2769.7,,2814.7,,2858.5,,2901.5,,2944.1,2986.6,3029.1,3071.7,3114.5,,3201.1,,3289,,3378.3
2200,H,930.953,2799.1,,,,,,,,2822.7,,2893.4,,2958.3,,,3019.3,,3077.7,,3134.5,,3190.3,,3245.5,3300.4,3355.2,3410.1,3465.1,,3575.7,,3687.6,,3800.7
2200,S,2.4922,6.3015,,,,,,,,6.3492,,6.4879,,6.6091,,,6.7179,,6.8177,,6.9107,,6.9985,,7.0821,7.1621,7.2393,7.3139,7.3862,,7.5249,,7.6568,,7.7827
2300,V,1.189,86.769,,,,,,,,88.42,,95.513,,102.03,,,108.18,,114.06,,119.77,,125.36,,130.85,136.28,141.65,146.99,152.28,,162.8,,173.22,,183.58
2300,U,938.866,2600.2,,,,,,,,2613.3,,2669.2,,2720,,,2767.6,,2812.9,,2857,,2900.2,,2942.9,2985.5,3028.1,3070.8,3113.7,,3200.4,,3288.3,,3377.8
2300,H,941.601,2799.8,,,,,,,,2816.7,,2888.9,,2954.7,,,3016.4,,3075.3,,3132.4,,3188.5,,3243.9,3299,3353.9,3408.9,3464,,3574.8,,3686.7,,3800
2300,S,2.5136,6.2849,,,,,,,,6.319,,6.4605,,6.5835,,,6.6935,,6.7941,,6.8877,,6.9759,,7.0598,7.1401,7.2174,7.2922,7.3646,,7.5035,,7.6355,,7.7616
2400,V,1.193,83.199,,,,,,,,84.149,,91.075,,97.411,,,103.36,,109.05,,114.55,,119.93,,125.22,130.44,135.61,140.73,145.82,150.88,155.91,,165.92,,175.86
2400,U,949.066,2600.7,,,,,,,,2608.6,,2665.6,,2717.3,,,2765.4,,2811.1,,2855.4,,2898.8,,2941.7,2984.5,3027.1,3069.9,3112.9,3156.1,3199.6,,3287.7,,3377.2
2400,H,951.929,2800.4,,,,,,,,2810.6,,2884.2,,2951.1,,,3013.4,,3072.8,,3130.4,,3186.7,,3242.3,3297.5,3352.6,3407.7,3462.9,3518.2,3573.8,,3685.9,,3799.3
2400,S,2.5343,6.269,,,,,,,,6.2894,,6.4338,,6.5586,,,6.6699,,6.7714,,6.8656,,6.9542,,7.0384,7.1189,7.1964,7.2713,7.3439,7.4144,7.483,,7.6152,,7.7414
2500,V,1.197,79.905,,,,,,,,80.21,,86.985,,93.154,,,98.925,,104.43,,109.75,,114.94,,120.04,125.07,130.04,134.97,139.87,144.74,149.58,,159.21,,168.76
2500,U,958.969,2601.2,,,,,,,,2603.8,,2662,,2714.5,,,2763.1,,2809.3,,2853.9,,2897.5,,2940.6,2983.4,3026.2,3069,3112.1,3155.4,3198.9,,3287.1,,3376.7
2500,H,961.962,2800.9,,,,,,,,2804.3,,2879.5,,2947.4,,,3010.4,,3070.4,,3128.2,,3184.8,,3240.7,3296.1,3351.3,3406.5,3461.7,3517.2,3572.9,,3685.1,,3798.6
2500,S,2.5543,6.2536,,,,,,,,6.2604,,6.4077,,6.5345,,,6.647,,6.7494,,6.8442,,6.9333,,7.0178,7.0986,7.1763,7.2513,7.324,7.3946,7.4633,,7.5956,,7.722
2600,V,1.201,76.856,,,,,,,,,,83.205,,89.22,,,94.83,,100.17,,105.32,,110.33,,115.26,120.11,124.91,129.66,134.38,139.07,143.74,,153.01,,162.21
2600,U,968.597,2601.5,,,,,,,,,,2658.4,,2711.7,,,2760.9,,2807.4,,2852.3,,2896.1,,2939.4,2982.3,3025.2,3068.1,3111.2,3154.6,3198.2,,3286.5,,3376.1
2600,H,971.72,2801.4,,,,,,,,,,2874.7,,2943.6,,,3007.4,,3067.9,,3126.1,,3183,,3239,3294.6,3349.9,3405.3,3460.6,3516.2,3571.9,,3684.3,,3797.9
2600,S,2.5736,6.2387,,,,,,,,,,6.3823,,6.511,,,6.6249,,6.7281,,6.8236,,6.9131,,6.9979,7.0789,7.1568,7.232,7.3048,7.3755,7.4443,,7.5768,,7.7033
2700,V,1.205,74.025,,,,,,,,,,79.698,,85.575,,,91.036,,96.218,,101.21,,106.07,,110.83,115.52,120.15,124.74,129.3,133.82,138.33,,147.27,,156.14
2700,U,977.968,2601.8,,,,,,,,,,2654.7,,2708.8,,,2758.6,,2805.6,,2850.7,,2894.8,,2938.2,2981.2,3024.2,3067.2,3110.4,3153.8,3197.5,,3285.8,,3375.6
2700,H,981.222,2801.7,,,,,,,,,,2869.9,,2939.8,,,3004.4,,3065.4,,3124,,3181.2,,3237.4,3293.1,3348.6,3404,3459.5,3515.2,3571,,3683.5,,3797.1
2700,S,2.5924,6.2244,,,,,,,,,,6.3575,,6.4882,,,6.6034,,6.7075,,6.8036,,6.8935,,6.9787,7.06,7.1381,7.2134,7.2863,7.3571,7.426,,7.5587,,7.6853
2800,V,1.209,71.389,,,,,,,,,,76.437,,82.187,,,87.51,,92.55,,97.395,,102.1,,106.71,111.25,115.74,120.17,124.58,128.95,133.3,,141.94,,150.5
2800,U,987.1,2602.1,,,,,,,,,,2650.9,,2705.9,,,2756.3,,2803.7,,2849.2,,2893.4,,2937,2980.2,3023.2,3066.3,3109.6,3153.1,3196.8,,3285.2,,3375
2800,H,990.485,2802,,,,,,,,,,2864.9,,2936,,,3001.3,,3062.8,,3121.9,,3179.3,,3235.8,3291.7,3347.3,3402.8,3458.4,3514.1,3570,,3682.6,,3796.4
2800,S,2.6106,6.2104,,,,,,,,,,6.3331,,6.4659,,,6.5824,,6.6875,,6.7842,,6.8746,,6.9601,7.0416,7.1199,7.1954,7.2685,7.3394,7.4084,,7.5412,,7.6679
2900,V,1.213,68.928,,,,,,,,,,73.395,,79.029,,,84.226,,89.133,,93.843,,98.414,,102.88,107.28,111.62,115.92,120.18,124.42,128.62,,136.97,,145.26
2900,U,996.008,2602.3,,,,,,,,,,2647.1,,2702.9,,,2754,,2801.8,,2847.6,,2892,,2935.8,2979.1,3022.3,3065.5,3108.8,3152.3,3196.1,,3284.6,,3374.5
2900,H,999.524,2802.2,,,,,,,,,,2859.9,,2932.1,,,2998.2,,3060.3,,3119.7,,3177.4,,3234.1,3290.2,3346,3401.6,3457.3,3513.1,3569.1,,3681.8,,3795.7
2900,S,2.6283,6.1969,,,,,,,,,,6.3092,,6.4441,,,6.5621,,6.6681,,6.7654,,6.8563,,6.9421,7.0239,7.1024,7.178,7.2512,7.3222,7.3913,,7.5243,,7.6511
3000,V,1.216,66.626,,,,,,,,,,70.551,,76.078,,,81.159,,85.943,,90.526,,94.969,,99.31,103.58,107.79,111.95,116.08,120.18,124.26,,132.34,,140.36
3000,U,1004.7,2602.4,,,,,,,,,,2643.2,,2700,,,2751.6,,2799.9,,2846,,2890.7,,2934.6,2978,3021.3,3064.6,3107.9,3151.5,3195.4,,3284,,3373.9
3000,H,1008.4,2802.3,,,,,,,,,,2854.8,,2928.2,,,2995.1,,3057.7,,3117.5,,3175.6,,3232.5,3288.7,3344.6,3400.4,3456.2,3512.1,3568.1,,3681,,3795
3000,S,2.6455,6.1837,,,,,,,,,,6.2857,,6.4228,,,6.5422,,6.6491,,6.7471,,6.8385,,6.9246,7.0067,7.0854,7.1612,7.2345,7.3056,7.3748,,7.5079,,7.6349
3100,V,1.22,64.467,,,,,,,,,,67.885,,73.315,,,78.287,,82.958,,87.423,,91.745,,95.965,100.11,104.2,108.24,112.24,116.22,120.17,,128.01,,135.78
3100,U,1013.2,2602.5,,,,,,,,,,2639.2,,2697,,,2749.2,,2797.9,,2844.3,,2889.3,,2933.4,2976.9,3020.3,3063.7,3107.1,3150.8,3194.7,,3283.3,,3373.4
3100,H,1017,2802.3,,,,,,,,,,2849.6,,2924.2,,,2991.9,,3055.1,,3115.4,,3173.7,,3230.8,3287.3,3343.3,3399.2,3455.1,3511,3567.2,,3680.2,,3794.3
3100,S,2.6623,6.1709,,,,,,,,,,6.2626,,6.4019,,,6.5227,,6.6307,,6.7294,,6.8212,,6.9077,6.99,7.0689,7.1448,7.2183,7.2895,7.3588,,7.492,,7.6191
3200,V,1.224,62.439,,,,,,,,,,65.38,,70.721,,,75.593,,80.158,,84.513,,88.723,,92.829,96.859,100.83,104.76,108.65,112.51,116.34,,123.95,,131.48
3200,U,1021.5,2602.5,,,,,,,,,,2635.2,,2693.9,,,2746.8,,2796,,2842.7,,2887.9,,2932.1,2975.9,3019.3,3062.8,3106.3,3150,3193.9,,3282.7,,3372.8
3200,H,1025.4,2802.3,,,,,,,,,,2844.4,,2920.2,,,2988.7,,3052.5,,3113.2,,3171.8,,3229.2,3285.8,3342,3398,3454,3510,3566.2,,3679.3,,3793.6
3200,S,2.6786,6.1585,,,,,,,,,,6.2398,,6.3815,,,6.5037,,6.6127,,6.712,,6.8043,,6.8912,6.9738,7.0528,7.129,7.2026,7.2739,7.3433,,7.4767,,7.6039
3300,V,1.227,60.529,,,,,,,,,,63.021,,68.282,,,73.061,,77.526,,81.778,,85.883,,89.883,93.805,97.668,101.49,105.27,109.02,112.74,,120.13,,127.45
3300,U,1029.7,2602.5,,,,,,,,,,2631.1,,2690.8,,,2744.4,,2794,,2841.1,,2886.5,,2930.9,2974.8,3018.3,3061.9,3105.5,3149.2,3193.2,,3282.1,,3372.3
3300,H,1033.7,2802.3,,,,,,,,,,2839,,2916.1,,,2985.5,,3049.9,,3110.9,,3169.9,,3227.5,3284.3,3340.6,3396.8,3452.8,3509,3565.3,,3678.5,,3792.9
3300,S,2.6945,6.1463,,,,,,,,,,6.2173,,6.3614,,,6.4851,,6.5951,,6.6952,,6.7879,,6.8752,6.958,7.0373,7.1136,7.1873,7.2588,7.3282,,7.4618,,7.5891
3400,V,1.231,58.728,,,,,,,,,,60.796,,65.982,,,70.675,,75.048,,79.204,,83.21,,87.11,90.93,94.692,98.408,102.09,105.74,109.36,,116.54,,123.65
3400,U,1037.6,2602.5,,,,,,,,,,2626.9,,2687.7,,,2741.9,,2792,,2839.4,,2885.1,,2929.7,2973.7,3017.4,3061,3104.6,3148.4,3192.5,,3281.5,,3371.7
3400,H,1041.8,2802.1,,,,,,,,,,2833.6,,2912,,,2982.2,,3047.2,,3108.7,,3168,,3225.9,3282.8,3339.3,3395.5,3451.7,3507.9,3564.3,,3677.7,,3792.1
3400,S,2.7101,6.1344,,,,,,,,,,6.1951,,6.3416,,,6.4669,,6.5779,,6.6787,,6.7719,,6.8595,6.9426,7.0221,7.0986,7.1724,7.244,7.3136,,7.4473,,7.5747
3500,V,1.235,57.025,,,,,,,,,,58.693,,63.812,,,68.424,,72.71,,76.776,,80.689,,84.494,88.22,91.886,95.505,99.088,102.64,106.17,,113.15,,120.07
3500,U,1045.4,2602.4,,,,,,,,,,2622.7,,2684.5,,,2739.5,,2790,,2837.8,,2883.7,,2928.4,2972.6,3016.4,3060.1,3103.8,3147.7,3191.8,,3280.8,,3371.2
3500,H,1049.8,2802,,,,,,,,,,2828.1,,2907.8,,,2979,,3044.5,,3106.5,,3166.1,,3224.2,3281.3,3338,3394.3,3450.6,3506.9,3563.4,,3676.9,,3791.4
3500,S,2.7253,6.1228,,,,,,,,,,6.1732,,6.3221,,,6.4491,,6.5611,,6.6626,,6.7563,,6.8443,6.9277,7.0074,7.084,7.158,7.2297,7.2993,,7.4332,,7.5607
3600,V,1.238,55.415,,,,,,,,,,56.702,,61.759,,,66.297,,70.501,,74.482,,78.308,,82.024,85.66,89.236,92.764,96.255,99.716,103.15,,109.96,,116.69
3600,U,1053.1,2602.2,,,,,,,,,,2618.4,,2681.3,,,2737,,2788,,2836.1,,2882.3,,2927.2,2971.5,3015.4,3059.2,3103,3146.9,3191.1,,3280.2,,3370.6
3600,H,1057.6,2801.7,,,,,,,,,,2822.5,,2903.6,,,2975.6,,3041.8,,3104.2,,3164.2,,3222.5,3279.8,3336.6,3393.1,3449.5,3505.9,3562.4,,3676.1,,3790.7
3600,S,2.7401,6.1115,,,,,,,,,,6.1514,,6.303,,,6.4315,,6.5446,,6.6468,,6.7411,,6.8294,6.9131,6.993,7.0698,7.1439,7.2157,7.2854,,7.4195,,7.5471
3700,V,1.242,53.888,,,,,,,,,,54.812,,59.814,,,64.282,,68.41,,72.311,,76.055,,79.687,83.238,86.728,90.171,93.576,96.95,100.3,,106.93,,113.49
3700,U,1060.6,2602.1,,,,,,,,,,2614,,2678,,,2734.4,,2786,,2834.4,,2880.8,,2926,2970.4,3014.4,3058.2,3102.1,3146.1,3190.4,,3279.6,,3370.1
3700,H,1065.2,2801.4,,,,,,,,,,2816.8,,2899.3,,,2972.3,,3039.1,,3102,,3162.2,,3220.8,3278.4,3335.3,3391.9,3448.4,3504.9,3561.5,,3675.2,,3790
3700,S,2.7547,6.1004,,,,,,,,,,6.1299,,6.2841,,,6.4143,,6.5284,,6.6314,,6.7262,,6.8149,6.8989,6.979,7.0559,7.1302,7.2021,7.2719,,7.4061,,7.5339
3800,V,1.245,52.438,,,,,,,,,,53.017,,57.968,,,62.372,,66.429,,70.254,,73.92,,77.473,80.944,84.353,87.714,91.038,94.33,97.596,,104.06,,110.46
3800,U,1068,2601.9,,,,,,,,,,2609.5,,2674.7,,,2731.9,,2783.9,,2832.7,,2879.4,,2924.7,2969.3,3013.4,3057.3,3101.3,3145.4,3189.6,,3279,,3369.5
3800,H,1072.7,2801.1,,,,,,,,,,2811,,2895,,,2968.9,,3036.4,,3099.7,,3160.3,,3219.1,3276.8,3333.9,3390.7,3447.2,3503.8,3560.5,,3674.4,,3789.3
3800,S,2.7689,6.0896,,,,,,,,,,6.1085,,6.2654,,,6.3973,,6.5126,,6.6163,,6.7117,,6.8007,6.8849,6.9653,7.0424,7.1168,7.1888,7.2587,,7.3931,,7.521
3900,V,1.249,51.061,,,,,,,,,,51.308,,56.215,,,60.558,,64.547,,68.302,,71.894,,75.372,78.767,82.099,85.383,88.629,91.844,95.033,,101.35,,107.59
3900,U,1075.3,2601.6,,,,,,,,,,2605,,2671.4,,,2729.3,,2781.9,,2831,,2877.9,,2923.5,2968.2,3012.4,3056.4,3100.5,3144.6,3188.9,,3278.3,,3369
3900,H,1080.1,2800.8,,,,,,,,,,2805.1,,2890.6,,,2965.5,,3033.6,,3097.4,,3158.3,,3217.4,3275.3,3332.6,3389.4,3446.1,3502.8,3559.5,,3673.6,,3788.6
3900,S,2.7828,6.0789,,,,,,,,,,6.0872,,6.247,,,6.3806,,6.497,,6.6015,,6.6974,,6.7868,6.8713,6.9519,7.0292,7.1037,7.1759,7.2459,,7.3804,,7.5084
4000,V,1.252,49.749,,,,,,,,,,,,54.546,,,58.833,,62.759,,66.446,,69.969,,73.376,76.698,79.958,83.169,86.341,89.483,92.598,,98.763,,104.86
4000,U,1082.4,2601.3,,,,,,,,,,,,2668,,,2726.7,,2779.8,,2829.3,,2876.5,,2922.2,2967,3011.4,3055.5,3099.6,3143.8,3188.2,,3277.7,,3368.4
4000,H,1087.4,2800.3,,,,,,,,,,,,2886.1,,,2962,,3030.8,,3095.1,,3156.4,,3215.7,3273.8,3331.2,3388.2,3445,3501.7,3558.6,,3672.8,,3787.9
4000,S,2.7965,6.0685,,,,,,,,,,,,6.2288,,,6.3642,,6.4817,,6.587,,6.6834,,6.7733,6.8581,6.9388,7.0163,7.0909,7.1632,7.2333,,7.368,,7.4961
4100,V,1.256,48.5,,,,,,,,,,,50.15,52.955,,,57.191,,61.057,,64.68,,68.137,,71.476,74.73,77.921,81.062,84.165,87.236,90.281,93.303,96.306,,102.26
4100,U,1089.4,2601,,,,,,,,,,,2624.6,2664.5,,,2724,,2777.7,,2827.6,,2875,,2920.9,2965.9,3010.4,3054.6,3098.8,3143,3187.5,3232.1,3277.1,,3367.9
4100,H,1094.6,2799.9,,,,,,,,,,,2830.3,2881.6,,,2958.5,,3028,,3092.8,,3154.4,,3214,3272.3,3329.9,3387,3443.9,3500.7,3557.6,3614.7,3671.9,,3787.1
4100,S,2.8099,6.0583,,,,,,,,,,,6.1157,6.2107,,,6.348,,6.4667,,6.5727,,6.6697,,6.76,6.845,6.926,7.0037,7.0785,7.1508,7.221,7.2893,7.3558,,7.4842
4200,V,1.259,47.307,,,,,,,,,,,48.654,51.438,,,55.625,,59.435,,62.998,,66.392,,69.667,72.856,75.981,79.056,82.092,85.097,88.075,91.03,93.966,,99.787
4200,U,1096.3,2600.7,,,,,,,,,,,2620.4,2661,,,2721.4,,2775.6,,2825.8,,2873.6,,2919.7,2964.8,3009.4,3053.7,3097.9,3142.3,3186.8,3231.5,3276.5,,3367.3
4200,H,1101.6,2799.4,,,,,,,,,,,2824.8,2877.1,,,2955,,3025.2,,3090.4,,3152.4,,3212.3,3270.8,3328.5,3385.7,3442.7,3499.7,3556.7,3613.8,3671.1,,3786.4
4200,S,2.8231,6.0482,,,,,,,,,,,6.0962,6.1929,,,6.332,,6.4519,,6.5587,,6.6563,,6.7469,6.8323,6.9135,6.9913,7.0662,7.1387,7.209,7.2774,7.344,,7.4724
4300,V,1.262,46.168,,,,,,,,,,,47.223,49.988,,,54.13,,57.887,,61.393,,64.728,,67.942,71.069,74.131,77.143,80.116,83.057,85.971,88.863,91.735,,97.428
4300,U,1103.1,2600.3,,,,,,,,,,,2616.2,2657.5,,,2718.7,,2773.4,,2824.1,,2872.1,,2918.4,2963.7,3008.4,3052.8,3097.1,3141.5,3186,3230.8,3275.8,,3366.8
4300,H,1108.5,2798.9,,,,,,,,,,,2819.2,2872.4,,,2951.4,,3022.3,,3088.1,,3150.4,,3210.5,3269.3,3327.1,3384.5,3441.6,3498.6,3555.7,3612.9,3670.3,,3785.7
4300,S,2.836,6.0383,,,,,,,,,,,6.0768,6.1752,,,6.3162,,6.4373,,6.545,,6.6431,,6.7341,6.8198,6.9012,6.9792,7.0543,7.1269,7.1973,7.2658,7.3324,,7.461
4400,V,1.266,45.079,,,,,,,,,,,45.853,48.601,,,52.702,,56.409,,59.861,,63.139,,66.295,69.363,72.365,75.317,78.229,81.11,83.963,86.794,89.605,,95.177
4400,U,1109.8,2599.9,,,,,,,,,,,2611.8,2653.9,,,2716,,2771.3,,2822.3,,2870.6,,2917.1,2962.5,3007.4,3051.9,3096.3,3140.7,3185.3,3230.1,3275.2,,3366.2
4400,H,1115.4,2798.3,,,,,,,,,,,2813.6,2867.8,,,2947.8,,3019.5,,3085.7,,3148.4,,3208.8,3267.7,3325.8,3383.3,3440.5,3497.6,3554.7,3612,3669.5,,3785
4400,S,2.8487,6.0286,,,,,,,,,,,6.0575,6.1577,,,6.3006,,6.423,,6.5315,,6.6301,,6.7216,6.8076,6.8892,6.9674,7.0426,7.1153,7.1858,7.2544,7.3211,,7.4498
4500,V,1.269,44.037,,,,,,,,,,,44.54,47.273,,,51.336,,54.996,,58.396,,61.62,,64.721,67.732,70.677,73.572,76.427,79.249,82.044,84.817,87.57,,93.025
4500,U,1116.4,2599.5,,,,,,,,,,,2607.4,2650.3,,,2713.2,,2769.1,,2820.5,,2869.1,,2915.8,2961.4,3006.3,3050.9,3095.4,3139.9,3184.6,3229.5,3274.6,,3365.7
4500,H,1122.1,2797.7,,,,,,,,,,,2807.9,2863,,,2944.2,,3016.6,,3083.3,,3146.4,,3207.1,3266.2,3324.4,3382,3439.3,3496.6,3553.8,3611.1,3668.6,,3784.3
4500,S,2.8612,6.0191,,,,,,,,,,,6.0382,6.1403,,,6.2852,,6.4088,,6.5182,,6.6174,,6.7093,6.7955,6.8774,6.9558,7.0311,7.104,7.1746,7.2432,7.31,,7.4388
4600,V,1.272,43.038,,,,,,,,,,,43.278,46,,,50.027,,53.643,,56.994,,60.167,,63.215,66.172,69.063,71.903,74.702,77.469,80.209,82.926,85.623,,90.967
4600,U,1122.9,2599.1,,,,,,,,,,,2602.9,2646.6,,,2710.4,,2766.9,,2818.7,,2867.6,,2914.5,2960.3,3005.3,3050,3094.6,3139.2,3183.9,3228.8,3273.9,,3365.1
4600,H,1128.8,2797,,,,,,,,,,,2802,2858.2,,,2940.5,,3013.7,,3080.9,,3144.4,,3205.3,3264.7,3323,3380.8,3438.2,3495.5,3552.8,3610.2,3667.8,,3783.6
4600,S,2.8735,6.0097,,,,,,,,,,,6.019,6.123,,,6.27,,6.3949,,6.505,,6.6049,,6.6972,6.7838,6.8659,6.9444,7.0199,7.0928,7.1636,7.2323,7.2991,,7.4281
4700,V,1.276,42.081,,,,,,,,,,,,44.778,,,48.772,,52.346,,55.651,,58.775,,61.773,64.679,67.517,70.304,73.051,75.765,78.452,81.116,83.76,,88.997
4700,U,1129.3,2598.6,,,,,,,,,,,,2642.9,,,2707.6,,2764.7,,2816.9,,2866.1,,2913.2,2959.1,3004.3,3049.1,3093.7,3138.4,3183.1,3228.1,3273.3,,3364.6
4700,H,1135.3,2796.4,,,,,,,,,,,,2853.3,,,2936.8,,3010.7,,3078.5,,3142.3,,3203.6,3263.1,3321.6,3379.5,3437.1,3494.5,3551.9,3609.3,3667,,3782.9
4700,S,2.8855,6.0004,,,,,,,,,,,,6.1058,,,6.2549,,6.3811,,6.4921,,6.5926,,6.6853,6.7722,6.8545,6.9332,7.0089,7.0819,7.1527,7.2215,7.2885,,7.4176
4800,V,1.279,41.161,,,,,,,,,,,,43.604,,,47.569,,51.103,,54.364,,57.441,,60.39,63.247,66.036,68.773,71.469,74.132,76.768,79.381,81.973,,87.109
4800,U,1135.6,2598.1,,,,,,,,,,,,2639.1,,,2704.8,,2762.5,,2815.1,,2864.6,,2911.9,2958,3003.3,3048.2,3092.9,3137.6,3182.4,3227.4,3272.7,,3364
4800,H,1141.8,2795.7,,,,,,,,,,,,2848.4,,,2933.1,,3007.8,,3076.1,,3140.3,,3201.8,3261.6,3320.3,3378.3,3435.9,3493.4,3550.9,3608.5,3666.2,,3782.1
4800,S,2.8974,5.9913,,,,,,,,,,,,6.0887,,,6.2399,,6.3675,,6.4794,,6.5805,,6.6736,6.7608,6.8434,6.9223,6.9981,7.0712,7.1422,7.211,7.2781,,7.4072
4900,V,1.282,40.278,,,,,,,,,,,,42.475,,,46.412,,49.909,,53.128,,56.161,,59.064,61.874,64.615,67.303,69.951,72.565,75.152,77.716,80.26,,85.298
4900,U,1141.9,2597.6,,,,,,,,,,,,2635.2,,,2701.9,,2760.2,,2813.3,,2863,,2910.6,2956.9,3002.3,3047.2,3092,3136.8,3181.7,3226.8,3272,,3363.5
4900,H,1148.2,2794.9,,,,,,,,,,,,2843.3,,,2929.3,,3004.8,,3073.6,,3138.2,,3200,3260,3318.9,3377,3434.8,3492.4,3549.9,3607.6,3665.3,,3781.4
4900,S,2.9091,5.9823,,,,,,,,,,,,6.0717,,,6.2252,,6.3541,,6.4669,,6.5685,,6.6621,6.7496,6.8324,6.9115,6.9874,7.0607,7.1318,7.2007,7.2678,,7.3971
5000,V,1.286,39.429,,,,,,,,,,,,41.388,,,45.301,,48.762,,51.941,,54.932,,57.791,60.555,63.25,65.893,68.494,71.061,73.602,76.119,78.616,,83.559
5000,U,1148,2597,,,,,,,,,,,,2631.3,,,2699,,2758,,2811.5,,2861.5,,2909.3,2955.7,3001.2,3046.3,3091.2,3136,3181,3226.1,3271.4,,3362.9
5000,H,1154.5,2794.2,,,,,,,,,,,,2838.2,,,2925.5,,3001.8,,3071.2,,3136.2,,3198.3,3258.5,3317.5,3375.8,3433.7,3491.3,3549,3606.7,3664.5,,3780.7
5000,S,2.9206,5.9735,,,,,,,,,,,,6.0547,,,6.2105,,6.3408,,6.4545,,6.5568,,6.6508,6.7386,6.8217,6.9009,6.977,7.0504,7.1215,7.1906,7.2578,,7.3872
5100,V,1.289,38.611,,,,,,,,,,,,40.34,,,44.231,,47.66,,50.801,,53.75,,56.567,59.288,61.94,64.537,67.094,69.616,72.112,74.584,77.035,,81.888
5100,U,1154.1,2596.5,,,,,,,,,,,,2627.3,,,2696.1,,2755.7,,2809.6,,2860,,2908,2954.5,3000.2,3045.4,3090.3,3135.3,3180.2,3225.4,3270.8,,3362.4
5100,H,1160.7,2793.4,,,,,,,,,,,,2833.1,,,2921.7,,2998.7,,3068.7,,3134.1,,3196.5,3256.9,3316.1,3374.5,3432.5,3490.3,3548,3605.8,3663.7,,3780
5100,S,2.9319,5.9648,,,,,,,,,,,,6.0378,,,6.196,,6.3277,,6.4423,,6.5452,,6.6396,6.7278,6.8111,6.8905,6.9668,7.0403,7.1115,7.1807,7.2479,,7.3775
5200,V,1.292,37.824,,,,,,,,,,,,39.33,,,43.201,,46.599,,49.703,,52.614,,55.39,58.07,60.679,63.234,65.747,68.227,70.679,73.108,75.516,,80.282
5200,U,1160.1,2595.9,,,,,,,,,,,,2623.3,,,2693.1,,2753.4,,2807.8,,2858.4,,2906.7,2953.4,2999.2,3044.5,3089.5,3134.5,3179.5,3224.7,3270.2,,3361.8
5200,H,1166.8,2792.6,,,,,,,,,,,,2827.8,,,2917.8,,2995.7,,3066.2,,3132,,3194.7,3255.4,3314.7,3373.3,3431.4,3489.3,3547.1,3604.9,3662.8,,3779.3
5200,S,2.9431,5.9561,,,,,,,,,,,,6.021,,,6.1815,,6.3147,,6.4302,,6.5338,,6.6287,6.7172,6.8007,6.8803,6.9567,7.0304,7.1017,7.1709,7.2382,,7.3679
5300,V,1.296,37.066,,,,,,,,,,,,38.354,,,42.209,,45.577,,48.647,,51.52,,54.257,56.897,59.466,61.98,64.452,66.89,69.3,71.687,74.054,,78.736
5300,U,1166.1,2595.3,,,,,,,,,,,,2619.2,,,2690.1,,2751,,2805.9,,2856.9,,2905.3,2952.2,2998.2,3043.5,3088.6,3133.7,3178.8,3224.1,3269.5,,3361.3
5300,H,1172.9,2791.7,,,,,,,,,,,,2822.5,,,2913.8,,2992.6,,3063.7,,3129.9,,3192.9,3253.8,3313.3,3372,3430.2,3488.2,3546.1,3604,3662,,3778.6
5300,S,2.9541,5.9476,,,,,,,,,,,,6.0041,,,6.1672,,6.3018,,6.4183,,6.5225,,6.6179,6.7067,6.7905,6.8703,6.9468,7.0206,7.092,7.1613,7.2287,,7.3585
5400,V,1.299,36.334,,,,,,,,,,,,37.411,,,41.251,,44.591,,47.628,,50.466,,53.166,55.768,58.297,60.772,63.204,65.603,67.973,70.32,72.646,,77.248
5400,U,1171.9,2594.6,,,,,,,,,,,,2615,,,2687.1,,2748.7,,2804,,2855.3,,2904,2951.1,2997.1,3042.6,3087.8,3132.9,3178.1,3223.4,3268.9,,3360.7
5400,H,1178.9,2790.8,,,,,,,,,,,,2817,,,2909.8,,2989.5,,3061.2,,3127.8,,3191.1,3252.2,3311.9,3370.8,3429.1,3487.2,3545.1,3603.1,3661.2,,3777.8
5400,S,2.965,5.9392,,,,,,,,,,,,5.9873,,,6.153,,6.2891,,6.4066,,6.5114,,6.6072,6.6963,6.7804,6.8604,6.9371,7.011,7.0825,7.1519,7.2194,,7.3493
5500,V,1.302,35.628,,,,,,,,,,,,36.499,,,40.327,,43.641,,46.647,,49.45,,52.115,54.679,57.171,59.608,62.002,64.362,66.694,69.002,71.289,,75.814
5500,U,1177.7,2594,,,,,,,,,,,,2610.8,,,2684,,2746.3,,2802.1,,2853.7,,2902.7,2949.9,2996.1,3041.7,3086.9,3132.1,3177.3,3222.7,3268.3,,3360.2
5500,H,1184.9,2789.9,,,,,,,,,,,,2811.5,,,2905.8,,2986.4,,3058.7,,3125.7,,3189.3,3250.6,3310.5,3369.5,3427.9,3486.1,3544.2,3602.2,3660.4,,3777.1
5500,S,2.9757,5.9309,,,,,,,,,,,,5.9705,,,6.1388,,6.2765,,6.3949,,6.5004,,6.5967,6.6862,6.7705,6.8507,6.9275,7.0015,7.0731,7.1426,7.2102,,7.3402
5600,V,1.306,34.946,,,,,,,,,,,,35.617,,,39.434,,42.724,,45.7,,48.47,,51.1,53.63,56.085,58.486,60.843,63.165,65.46,67.731,69.981,,74.431
5600,U,1183.5,2593.3,,,,,,,,,,,,2606.5,,,2680.9,,2744,,2800.2,,2852.1,,2901.3,2948.7,2995,3040.7,3086.1,3131.3,3176.6,3222,3267.6,,3359.6
5600,H,1190.8,2789,,,,,,,,,,,,2805.9,,,2901.7,,2983.2,,3056.1,,3123.6,,3187.5,3249,3309.1,3368.2,3426.8,3485.1,3543.2,3601.3,3659.5,,3776.4
5600,S,2.9863,5.9227,,,,,,,,,,,,5.9537,,,6.1248,,6.264,,6.3834,,6.4896,,6.5863,6.6761,6.7607,6.8411,6.9181,6.9922,7.0639,7.1335,7.2011,,7.3313
5700,V,1.309,34.288,,,,,,,,,,,,34.761,,,38.571,,41.838,,44.785,,47.525,,50.121,52.617,55.038,57.403,59.724,62.011,64.27,66.504,68.719,,73.096
5700,U,1189.1,2592.6,,,,,,,,,,,,2602.1,,,2677.8,,2741.6,,2798.3,,2850.5,,2899.9,2947.5,2994,3039.8,3085.2,3130.5,3175.9,3221.3,3267,,3359.1
5700,H,1196.6,2788,,,,,,,,,,,,2800.2,,,2897.6,,2980,,3053.5,,3121.4,,3185.6,3247.5,3307.7,3367,3425.6,3484,3542.2,3600.4,3658.7,,3775.7
5700,S,2.9968,5.9146,,,,,,,,,,,,5.9369,,,6.1108,,6.2516,,6.372,,6.4789,,6.5761,6.6663,6.7511,6.8316,6.9088,6.9831,7.0549,7.1245,7.1923,,7.3226
5800,V,1.312,33.651,,,,,,,,,,,,,34.756,36.301,37.736,,40.982,,43.902,,46.611,,49.176,51.638,54.026,56.357,58.644,60.896,63.12,65.32,67.5,,71.807
5800,U,1194.7,2591.9,,,,,,,,,,,,,2614.4,2645.7,2674.6,,2739.1,,2796.3,,2848.9,,2898.6,2946.4,2992.9,3038.8,3084.4,3129.8,3175.2,3220.7,3266.4,,3358.5
5800,H,1202.3,2787,,,,,,,,,,,,,2816,2856.3,2893.5,,2976.8,,3051,,3119.3,,3183.8,3245.9,3306.3,3365.7,3424.5,3483,3541.2,3599.5,3657.9,,3775
5800,S,3.0071,5.9066,,,,,,,,,,,,,5.9592,6.0314,6.0969,,6.2393,,6.3608,,6.4683,,6.566,6.6565,6.7416,6.8223,6.8996,6.974,7.046,7.1157,7.1835,,7.3139
5900,V,1.315,33.034,,,,,,,,,,,,,33.953,35.497,36.928,,40.154,,43.048,,45.728,,48.262,50.693,53.048,55.346,57.6,59.819,62.01,64.176,66.322,,70.563
5900,U,1200.3,2591.1,,,,,,,,,,,,,2610.2,2642.1,2671.4,,2736.7,,2794.4,,2847.3,,2897.2,2945.2,2991.9,3037.9,3083.5,3129,3174.4,3220,3265.7,,3357.9
5900,H,1208,2786,,,,,,,,,,,,,2810.5,2851.5,2889.3,,2973.6,,3048.4,,3117.1,,3182,3244.3,3304.9,3364.4,3423.3,3481.9,3540.3,3598.6,3657,,3774.3
5900,S,3.0172,5.8986,,,,,,,,,,,,,5.9431,6.0166,6.083,,6.2272,,6.3496,,6.4578,,6.556,6.6469,6.7322,6.8132,6.8906,6.9652,7.0372,7.107,7.1749,,7.3054
6000,V,1.319,32.438,,,,,,,,,,,,,33.173,34.718,36.145,,39.353,,42.222,,44.874,,47.379,49.779,52.103,54.369,56.592,58.778,60.937,63.071,65.184,,69.359
6000,U,1205.8,2590.4,,,,,,,,,,,,,2605.9,2638.4,2668.1,,2734.2,,2792.4,,2845.7,,2895.8,2944,2990.8,3036.9,3082.6,3128.2,3173.7,3219.3,3265.1,,3357.4
6000,H,1213.7,2785,,,,,,,,,,,,,2804.9,2846.7,2885,,2970.4,,3045.8,,3115,,3180.1,3242.6,3303.5,3363.2,3422.2,3480.8,3539.3,3597.7,3656.2,,3773.5
6000,S,3.0273,5.8908,,,,,,,,,,,,,5.927,6.0017,6.0692,,6.2151,,6.3386,,6.4475,,6.5462,6.6374,6.723,6.8041,6.8818,6.9564,7.0285,7.0985,7.1664,,7.2971
6100,V,1.322,31.86,,,,,,,,,,,,,32.415,33.962,35.386,,38.577,,41.422,,44.048,,46.524,48.895,51.189,53.424,55.616,57.771,59.898,62.001,64.083,,68.196
6100,U,1211.2,2589.6,,,,,,,,,,,,,2601.5,2634.6,2664.8,,2731.7,,2790.4,,2844.1,,2894.5,2942.8,2989.8,3036,3081.8,3127.4,3173,3218.6,3264.5,,3356.8
6100,H,1219.3,2783.9,,,,,,,,,,,,,2799.3,2841.8,2880.7,,2967.1,,3043.1,,3112.8,,3178.3,3241,3302,3361.9,3421,3479.8,3538.3,3596.8,3655.4,,3772.8
6100,S,3.0372,5.883,,,,,,,,,,,,,5.9108,5.9869,6.0555,,6.2031,,6.3277,,6.4373,,6.5364,6.628,6.7139,6.7952,6.873,6.9478,7.02,7.09,7.1581,,7.2889
6200,V,1.325,31.3,,,,,,,,,,,,,31.679,33.227,34.65,,37.825,,40.648,,43.248,,45.697,48.039,50.304,52.51,54.671,56.797,58.894,60.966,63.018,,67.069
6200,U,1216.6,2588.8,,,,,,,,,,,,,2597.1,2630.8,2661.5,,2729.2,,2788.5,,2842.4,,2893.1,2941.6,2988.7,3035,3080.9,3126.6,3172.2,3218,3263.8,,3356.3
6200,H,1224.8,2782.9,,,,,,,,,,,,,2793.5,2836.8,2876.3,,2963.8,,3040.5,,3110.6,,3176.4,3239.4,3300.6,3360.6,3419.9,3478.7,3537.4,3595.9,3654.5,,3772.1
6200,S,3.0471,5.8753,,,,,,,,,,,,,5.8946,5.9721,6.0418,,6.1911,,6.3168,,6.4272,,6.5268,6.6188,6.7049,6.7864,6.8644,6.9393,7.0116,7.0817,7.1498,,7.2808
6300,V,1.328,30.757,,,,,,,,,,,,,30.962,32.514,33.935,,37.097,,39.898,,42.473,,44.895,47.21,49.447,51.624,53.757,55.853,57.921,59.964,61.986,,65.979
6300,U,1221.9,2588,,,,,,,,,,,,,2592.6,2626.9,2658.1,,2726.7,,2786.5,,2840.8,,2891.7,2940.4,2987.7,3034.1,3080.1,3125.8,3171.5,3217.3,3263.2,,3355.7
6300,H,1230.3,2781.8,,,,,,,,,,,,,2787.6,2831.7,2871.9,,2960.4,,3037.8,,3108.4,,3174.5,3237.8,3299.2,3359.3,3418.7,3477.7,3536.4,3595,3653.7,,3771.4
6300,S,3.0568,5.8677,,,,,,,,,,,,,5.8783,5.9573,6.0281,,6.1793,,6.3061,,6.4172,,6.5173,6.6096,6.696,6.7778,6.8559,6.9309,7.0034,7.0735,7.1417,,7.2728
6400,V,1.332,30.23,,,,,,,,,,,,,30.265,31.821,33.241,,36.39,,39.17,,41.722,,44.119,46.407,48.617,50.767,52.871,54.939,56.978,58.993,60.987,,64.922
6400,U,1227.2,2587.2,,,,,,,,,,,,,2587.9,2623,2654.7,,2724.2,,2784.4,,2839.1,,2890.3,2939.2,2986.6,3033.1,3079.2,3125,3170.8,3216.6,3262.6,,3355.2
6400,H,1235.7,2780.6,,,,,,,,,,,,,2781.6,2826.6,2867.5,,2957.1,,3035.1,,3106.2,,3172.7,3236.2,3297.7,3358,3417.6,3476.6,3535.4,3594.1,3652.9,,3770.7
6400,S,3.0664,5.8601,,,,,,,,,,,,,5.8619,5.9425,6.0144,,6.1675,,6.2955,,6.4072,,6.5079,6.6006,6.6872,6.7692,6.8475,6.9226,6.9952,7.0655,7.1337,,7.2649
6500,V,1.335,29.719,,,,,,,,,,,,,,31.146,32.567,,35.704,,38.465,,40.994,,43.366,45.629,47.812,49.935,52.012,54.053,56.065,58.052,60.018,,63.898
6500,U,1232.5,2586.3,,,,,,,,,,,,,,2619,2651.2,,2721.6,,2782.4,,2837.5,,2888.9,2938,2985.5,3032.2,3078.3,3124.2,3170,3215.9,3261.9,,3354.6
6500,H,1241.1,2779.5,,,,,,,,,,,,,,2821.4,2862.9,,2953.7,,3032.4,,3103.9,,3170.8,3234.5,3296.3,3356.8,3416.4,3475.6,3534.4,3593.2,3652.1,,3770
6500,S,3.0759,5.8527,,,,,,,,,,,,,,5.9277,6.0008,,6.1558,,6.2849,,6.3974,,6.4986,6.5917,6.6786,6.7608,6.8392,6.9145,6.9871,7.0575,7.1258,,7.2572
6600,V,1.338,29.223,,,,,,,,,,,,,,30.49,31.911,,35.038,,37.781,,40.287,,42.636,44.874,47.031,49.129,51.18,53.194,55.179,57.139,59.079,,62.905
6600,U,1237.6,2585.5,,,,,,,,,,,,,,2614.9,2647.7,,2719,,2780.4,,2835.8,,2887.5,2936.7,2984.5,3031.2,3077.4,3123.4,3169.3,3215.2,3261.3,,3354.1
6600,H,1246.5,2778.3,,,,,,,,,,,,,,2816.1,2858.4,,2950.2,,3029.7,,3101.7,,3168.9,3232.9,3294.9,3355.5,3415.2,3474.5,3533.5,3592.3,3651.2,,3769.2
6600,S,3.0853,5.8452,,,,,,,,,,,,,,5.9129,5.9872,,6.1442,,6.2744,,6.3877,,6.4894,6.5828,6.67,6.7524,6.831,6.9064,6.9792,7.0497,7.1181,,7.2495
6700,V,1.342,28.741,,,,,,,,,,,,,,29.85,31.273,,34.391,,37.116,,39.601,,41.927,44.141,46.274,48.346,50.372,52.361,54.32,56.254,58.168,,61.942
6700,U,1242.8,2584.6,,,,,,,,,,,,,,2610.8,2644.2,,2716.4,,2778.3,,2834.1,,2886.1,2935.5,2983.4,3030.3,3076.6,3122.6,3168.6,3214.5,3260.7,,3353.5
6700,H,1251.8,2777.1,,,,,,,,,,,,,,2810.8,2853.7,,2946.8,,3027,,3099.5,,3167,3231.3,3293.4,3354.2,3414.1,3473.4,3532.5,3591.4,3650.4,,3768.5
6700,S,3.0946,5.8379,,,,,,,,,,,,,,5.898,5.9736,,6.1326,,6.264,,6.3781,,6.4803,6.5741,6.6616,6.7442,6.8229,6.8985,6.9714,7.0419,7.1104,,7.242
6800,V,1.345,28.272,,,,,,,,,,,,,,29.226,30.652,,33.762,,36.47,,38.935,,41.239,43.43,45.539,47.587,49.588,51.552,53.486,55.395,57.283,,61.007
6800,U,1247.9,2583.7,,,,,,,,,,,,,,2606.6,2640.6,,2713.7,,2776.2,,2832.4,,2884.7,2934.3,2982.3,3029.3,3075.7,3121.8,3167.8,3213.9,3260,,3353
6800,H,1257,2775.9,,,,,,,,,,,,,,2805.3,2849,,2943.3,,3024.2,,3097.2,,3165.1,3229.6,3292,3352.9,3412.9,3472.4,3531.5,3590.5,3649.6,,3767.8
6800,S,3.1038,5.8306,,,,,,,,,,,,,,5.883,5.9599,,6.1211,,6.2537,,6.3686,,6.4713,6.5655,6.6532,6.7361,6.815,6.8907,6.9636,7.0343,7.1028,,7.2345
7000,V,1.351,27.373,,,,,,,,,,,,,,28.024,29.457,,32.556,,35.233,,37.66,,39.922,42.068,44.131,46.133,48.086,50.003,51.889,53.75,55.59,,59.217
7000,U,1258,2581.8,,,,,,,,,,,,,,2597.9,2633.2,,2708.4,,2772.1,,2829,,2881.8,2931.8,2980.1,3027.4,3074,3120.2,3166.3,3212.5,3258.8,,3351.9
7000,H,1267.4,2773.5,,,,,,,,,,,,,,2794.1,2839.4,,2936.3,,3018.7,,3092.7,,3161.2,3226.3,3289.1,3350.3,3410.6,3470.2,3529.6,3588.7,3647.9,,3766.4
7000,S,3.1219,5.8162,,,,,,,,,,,,,,5.853,5.9327,,6.0982,,6.2333,,6.3497,,6.4536,6.5485,6.6368,6.7201,6.7993,6.8753,6.9485,7.0193,7.088,,7.22
7200,V,1.358,26.522,,,,,,,,,,,,,,26.878,28.321,,31.413,,34.063,,36.454,,38.676,40.781,42.802,44.759,46.668,48.54,50.381,52.197,53.991,,57.527
7200,U,1267.9,2579.9,,,,,,,,,,,,,,2589,2625.6,,2702.9,,2767.8,,2825.6,,2878.9,2929.4,2978,3025.4,3072.2,3118.6,3164.9,3211.1,3257.5,,3350.7
7200,H,1277.6,2770.9,,,,,,,,,,,,,,2782.5,2829.5,,2929.1,,3013.1,,3088.1,,3157.4,3223,3286.1,3347.7,3408.2,3468.1,3527.6,3586.9,3646.2,,3764.9
7200,S,3.1397,5.802,,,,,,,,,,,,,,5.8226,5.9054,,6.0755,,6.2132,,6.3312,,6.4362,6.5319,6.6208,6.7044,6.784,6.8602,6.9337,7.0047,7.0735,,7.2058
7400,V,1.364,25.715,,,,,,,,,,,,,,25.781,27.238,,30.328,,32.954,,35.312,,37.497,39.564,41.544,43.46,45.327,47.156,48.954,50.727,52.478,,55.928
7400,U,1277.6,2578,,,,,,,,,,,,,,2579.7,2617.8,,2697.3,,2763.5,,2822.1,,2876,2926.9,2975.8,3023.5,3070.4,3117,3163.4,3209.8,3256.2,,3349.6
7400,H,1287.7,2768.3,,,,,,,,,,,,,,2770.5,2819.3,,2921.8,,3007.4,,3083.4,,3153.5,3219.6,3283.2,3345.1,3405.9,3466,3525.7,3585.1,3644.5,,3763.5
7400,S,3.1571,5.788,,,,,,,,,,,,,,5.7919,5.8779,,6.053,,6.1933,,6.313,,6.419,6.5156,6.605,6.6892,6.7691,6.8456,6.9192,6.9904,7.0594,,7.1919
7600,V,1.371,24.949,,,,,,,,,,,,,,,26.204,,29.297,,31.901,,34.229,,36.38,38.409,40.351,42.228,44.056,45.845,47.603,49.335,51.045,,54.413
7600,U,1287.2,2575.9,,,,,,,,,,,,,,,2609.7,,2691.7,,2759.2,,2818.6,,2873.1,2924.3,2973.6,3021.5,3068.7,3115.4,3161.9,3208.4,3254.9,,3348.5
7600,H,1297.6,2765.5,,,,,,,,,,,,,,,2808.8,,2914.3,,3001.6,,3078.7,,3149.6,3216.3,3280.3,3342.5,3403.5,3463.8,3523.7,3583.3,3642.9,,3762.1
7600,S,3.1742,5.7742,,,,,,,,,,,,,,,5.8503,,6.0306,,6.1737,,6.295,,6.4022,6.4996,6.5896,6.6742,6.7545,6.8312,6.9051,6.9765,7.0457,,7.1784
7800,V,1.378,24.22,,,,,,,,,,,,,,,25.214,,28.315,,30.9,,33.2,,35.319,37.314,39.22,41.06,42.85,44.601,46.32,48.014,49.686,,52.976
7800,U,1296.7,2573.8,,,,,,,,,,,,,,,2601.3,,2685.9,,2754.8,,2815.1,,2870.1,2921.8,2971.4,3019.6,3066.9,3113.8,3160.4,3207,3253.7,,3347.4
7800,H,1307.4,2762.8,,,,,,,,,,,,,,,2798,,2906.7,,2995.8,,3074,,3145.6,3212.9,3277.3,3339.8,3401.1,3461.7,3521.7,3581.5,3641.2,,3760.6
7800,S,3.1911,5.7605,,,,,,,,,,,,,,,5.8224,,6.0082,,6.1542,,6.2773,,6.3857,6.4839,6.5745,6.6596,6.7402,6.8172,6.8913,6.9629,7.0322,,7.1652
8000,V,1.384,23.525,,,,,,,,,,,,,,,24.264,,27.378,,29.948,,32.222,,34.31,36.273,38.145,39.95,41.704,43.419,45.102,46.759,48.394,,51.611
8000,U,1306,2571.7,,,,,,,,,,,,,,,2592.7,,2679.9,,2750.3,,2811.5,,2867.1,2919.3,2969.2,3017.6,3065.1,3112.2,3158.9,3205.6,3252.4,,3346.3
8000,H,1317.1,2759.9,,,,,,,,,,,,,,,2786.8,,2899,,2989.9,,3069.2,,3141.6,3209.5,3274.3,3337.2,3398.8,3459.5,3519.7,3579.7,3639.5,,3759.2
8000,S,3.2076,5.7471,,,,,,,,,,,,,,,5.7942,,5.986,,6.1349,,6.2599,,6.3694,6.4684,6.5597,6.6452,6.7262,6.8035,6.8778,6.9496,7.0191,,7.1523
8200,V,1.391,22.863,,,,,,,,,,,,,,,23.35,25.916,,28.064,,29.968,,31.715,33.35,35.282,37.121,38.893,40.614,42.295,43.943,45.566,47.166,48.747,50.313
8200,U,1315.2,2569.5,,,,,,,,,,,,,,,2583.7,2657.7,,2718.5,,2771.5,,2819.5,2864.1,2916.7,2966.9,3015.6,3063.3,3110.5,3157.4,3204.3,3251.1,3298.1,3345.2
8200,H,1326.6,2757,,,,,,,,,,,,,,,2775.2,2870.2,,2948.6,,3017.2,,3079.5,3137.6,3206,3271.3,3334.5,3396.4,3457.3,3517.8,3577.9,3637.9,3697.8,3757.7
8200,S,3.2239,5.7338,,,,,,,,,,,,,,,5.7656,5.9288,,6.0588,,6.1689,,6.2659,6.3534,6.4532,6.5452,6.6311,6.7124,6.79,6.8646,6.9365,7.0062,7.0739,7.1397
8400,V,1.398,22.231,,,,,,,,,,,,,,,22.469,25.058,,27.203,,29.094,,30.821,32.435,34.337,36.147,37.887,39.576,41.224,42.839,44.429,45.996,47.544,49.076
8400,U,1324.3,2567.2,,,,,,,,,,,,,,,2574.4,2651.1,,2713.4,,2767.3,,2816,2861.1,2914.1,2964.7,3013.6,3061.6,3108.9,3155.9,3202.9,3249.8,3296.9,3344.1
8400,H,1336.1,2754,,,,,,,,,,,,,,,2763.1,2861.6,,2941.9,,3011.7,,3074.8,3133.5,3202.6,3268.3,3331.9,3394,3455.2,3515.8,3576.1,3636.2,3696.2,3756.3
8400,S,3.2399,5.7207,,,,,,,,,,,,,,,5.7366,5.9056,,6.0388,,6.1509,,6.2491,6.3376,6.4383,6.5309,6.6173,6.699,6.7769,6.8516,6.9238,6.9936,7.0614,7.1274
8600,V,1.404,21.627,,,,,,,,,,,,,,,,24.236,,26.38,,28.258,,29.968,31.561,33.437,35.217,36.928,38.586,40.202,41.787,43.345,44.88,46.397,47.897
8600,U,1333.3,2564.9,,,,,,,,,,,,,,,,2644.3,,2708.1,,2763.1,,2812.4,2858,2911.5,2962.4,3011.6,3059.8,3107.3,3154.4,3201.5,3248.5,3295.7,3342.9
8600,H,1345.4,2750.9,,,,,,,,,,,,,,,,2852.7,,2935,,3006.1,,3070.1,3129.4,3199.1,3265.3,3329.2,3391.6,3453,3513.8,3574.3,3634.5,3694.7,3754.9
8600,S,3.2557,5.7076,,,,,,,,,,,,,,,,5.8823,,6.0189,,6.133,,6.2326,6.322,6.4236,6.5168,6.6037,6.6858,6.7639,6.839,6.9113,6.9813,7.0492,7.1153
8800,V,1.411,21.049,,,,,,,,,,,,,,,,23.446,,25.592,,27.459,,29.153,30.727,32.576,34.329,36.011,37.64,39.228,40.782,42.31,43.815,45.301,46.771
8800,U,1342.2,2562.6,,,,,,,,,,,,,,,,2637.3,,2702.8,,2758.8,,2808.8,2854.9,2908.9,2960.1,3009.6,3058,3105.6,3152.9,3200.1,3247.2,3294.5,3341.8
8800,H,1354.6,2747.8,,,,,,,,,,,,,,,,2843.6,,2928,,3000.4,,3065.3,3125.3,3195.6,3262.2,3326.5,3389.2,3450.8,3511.8,3572.4,3632.8,3693.1,3753.4
8800,S,3.2713,5.6948,,,,,,,,,,,,,,,,5.859,,5.999,,6.1152,,6.2162,6.3067,6.4092,6.503,6.5904,6.6728,6.7513,6.8265,6.899,6.9692,7.0373,7.1035
9000,V,1.418,20.495,,,,,,,,,,,,,,,,22.685,,24.836,,26.694,,28.372,29.929,31.754,33.48,35.136,36.737,38.296,39.822,41.321,42.798,44.255,45.695
9000,U,1351,2560.1,,,,,,,,,,,,,,,,2630.1,,2697.4,,2754.4,,2805.2,2851.8,2906.3,2957.8,3007.6,3056.1,3104,3151.4,3198.7,3246,3293.3,3340.7
9000,H,1363.7,2744.6,,,,,,,,,,,,,,,,2834.3,,2920.9,,2994.7,,3060.5,3121.2,3192,3259.2,3323.8,3386.8,3448.7,3509.8,3570.6,3631.1,3691.6,3752
9000,S,3.2867,5.682,,,,,,,,,,,,,,,,5.8355,,5.9792,,6.0976,,6.2,6.2915,6.3949,6.4894,6.5773,6.66,6.7388,6.8143,6.887,6.9574,7.0256,7.0919
9200,V,1.425,19.964,,,,,,,,,,,,,,,,21.952,,24.11,,25.961,,27.625,29.165,30.966,32.668,34.298,35.872,37.405,38.904,40.375,41.824,43.254,44.667
9200,U,1359.7,2557.7,,,,,,,,,,,,,,,,2622.7,,2691.9,,2750,,2801.5,2848.7,2903.6,2955.5,3005.6,3054.3,3102.3,3149.9,3197.3,3244.7,3292.1,3339.6
9200,H,1372.8,2741.3,,,,,,,,,,,,,,,,2824.7,,2913.7,,2988.9,,3055.7,3117,3188.5,3256.1,3321.1,3384.4,3446.5,3507.8,3568.8,3629.5,3690,3750.5
9200,S,3.3018,5.6694,,,,,,,,,,,,,,,,5.8118,,5.9594,,6.0801,,6.184,6.2765,6.3808,6.476,6.5644,6.6475,6.7266,6.8023,6.8752,6.9457,7.0141,7.0806
9400,V,1.432,19.455,,,,,,,,,,,,,,,,21.245,,23.412,,25.257,,26.909,28.433,30.212,31.891,33.495,35.045,36.552,38.024,39.47,40.892,42.295,43.682
9400,U,1368.2,2555.2,,,,,,,,,,,,,,,,2615.1,,2686.3,,2745.6,,2797.8,2845.5,2900.9,2953.2,3003.5,3052.5,3100.7,3148.4,3195.9,3243.4,3290.9,3338.5
9400,H,1381.7,2738,,,,,,,,,,,,,,,,2814.8,,2906.3,,2983,,3050.7,3112.8,3184.9,3253,3318.4,3381.9,3444.3,3505.9,3566.9,3627.8,3688.4,3749.1
9400,S,3.3168,5.6568,,,,,,,,,,,,,,,,5.7879,,5.9397,,6.0627,,6.1681,6.2617,6.3669,6.4628,6.5517,6.6352,6.7146,6.7906,6.8637,6.9343,7.0029,7.0695
9600,V,1.439,18.965,,,,,,,,,,,,,,,,20.561,,22.74,,24.581,,26.221,27.731,29.489,31.145,32.726,34.252,35.734,37.182,38.602,39.999,41.377,42.738
9600,U,1376.7,2552.6,,,,,,,,,,,,,,,,2607.3,,2680.5,,2741,,2794.1,2842.3,2898.2,2950.9,3001.5,3050.7,3099,3146.9,3194.5,3242.1,3289.7,3337.4
9600,H,1390.6,2734.7,,,,,,,,,,,,,,,,2804.7,,2898.8,,2977,,3045.8,3108.5,3181.3,3249.9,3315.6,3379.5,3442.1,3503.9,3565.1,3626.1,3686.9,3747.6
9600,S,3.3315,5.6444,,,,,,,,,,,,,,,,5.7637,,5.9199,,6.0454,,6.1524,6.247,6.3532,6.4498,6.5392,6.6231,6.7028,6.779,6.8523,6.9231,6.9918,7.0585
9800,V,1.446,18.494,,,,,,,,,,,,,,,,19.899,,22.093,,23.931,,25.561,27.056,28.795,30.429,31.988,33.491,34.949,36.373,37.769,39.142,40.496,41.832
9800,U,1385.2,2550,,,,,,,,,,,,,,,,2599.2,,2674.7,,2736.4,,2790.3,2839.1,2895.5,2948.6,2999.4,3048.8,3097.4,3145.4,3193.1,3240.8,3288.5,3336.2
9800,H,1399.3,2731.2,,,,,,,,,,,,,,,,2794.3,,2891.2,,2971,,3040.8,3104.2,3177.7,3246.8,3312.9,3377,3439.9,3501.9,3563.3,3624.4,3685.3,3746.2
9800,S,3.3461,5.6321,,,,,,,,,,,,,,,,5.7393,,5.9001,,6.0282,,6.1368,6.2325,6.3397,6.4369,6.5268,6.6112,6.6912,6.7676,6.8411,6.9121,6.981,7.0478
10000,V,1.453,18.041,,,,,,,,,,,,,,,,19.256,,21.468,,23.305,,24.926,26.408,28.128,29.742,31.28,32.76,34.196,35.597,36.97,38.32,39.65,40.963
10000,U,1393.5,2547.3,,,,,,,,,,,,,,,,2590.9,,2668.7,,2731.8,,2786.4,2835.8,2892.8,2946.2,2997.4,3047,3095.7,3143.9,3191.7,3239.5,3287.3,3335.1
10000,H,1408,2727.7,,,,,,,,,,,,,,,,2783.5,,2883.4,,2964.8,,3035.7,3099.9,3174.1,3243.6,3310.1,3374.6,3437.7,3499.8,3561.4,3622.7,3683.8,3744.7
10000,S,3.3605,5.6198,,,,,,,,,,,,,,,,5.7145,,5.8803,,6.011,,6.1213,6.2182,6.3264,6.4243,6.5147,6.5994,6.6797,6.7564,6.8302,6.9013,6.9703,7.0373
10200,V,1.46,17.605,,,,,,,,,,,,,,,,18.632,,20.865,,22.702,,24.315,25.785,27.487,29.081,30.599,32.058,33.472,34.851,36.202,37.53,38.837,40.128
10200,U,1401.8,2544.6,,,,,,,,,,,,,,,,2582.3,,2662.6,,2727,,2782.6,2832.6,2890,2943.9,2995.3,3045.2,3094,3142.3,3190.3,3238.2,3286.1,3334
10200,H,1416.7,2724.2,,,,,,,,,,,,,,,,2772.3,,2875.4,,2958.6,,3030.6,3095.6,3170.4,3240.5,3307.4,3372.1,3435.5,3497.8,3559.6,3621,3682.2,3743.3
10200,S,3.3748,5.6076,,,,,,,,,,,,,,,,5.6894,,5.8604,,5.994,,6.1059,6.204,6.3131,6.4118,6.5027,6.5879,6.6685,6.7454,6.8194,6.8907,6.9598,7.0269
10400,V,1.467,17.184,,,,,,,,,,,,,,,,18.024,,20.282,,22.121,,23.726,25.185,26.87,28.446,29.943,31.382,32.776,34.134,35.464,36.77,38.056,39.325
10400,U,1410,2541.8,,,,,,,,,,,,,,,,2573.4,,2656.3,,2722.2,,2778.7,2829.3,2887.3,2941.5,2993.2,3043.3,3092.4,3140.8,3188.9,3236.9,3284.8,3332.9
10400,H,1425.2,2720.6,,,,,,,,,,,,,,,,2760.8,,2867.2,,2952.3,,3025.4,3091.2,3166.7,3237.3,3304.6,3369.7,3433.2,3495.8,3557.8,3619.3,3680.6,3741.8
10400,S,3.3889,5.5955,,,,,,,,,,,,,,,,5.6638,,5.8404,,5.9769,,6.0907,6.1899,6.3001,6.3994,6.4909,6.5765,6.6574,6.7346,6.8087,6.8803,6.9495,7.0167
10600,V,1.474,16.778,,,,,,,,,,,,,,,,17.432,,19.717,,21.56,,23.159,24.607,26.276,27.834,29.313,30.732,32.106,33.444,34.753,36.039,37.304,38.552
10600,U,1418.1,2539,,,,,,,,,,,,,,,,2564.1,,2649.9,,2717.4,,2774.7,2825.9,2884.5,2939.1,2991.1,3041.4,3090.7,3139.3,3187.5,3235.6,3283.6,3331.7
10600,H,1433.7,2716.9,,,,,,,,,,,,,,,,2748.9,,2858.9,,2945.9,,3020.2,3086.8,3163,3234.1,3301.8,3367.2,3431,3493.8,3555.9,3617.6,3679.1,3740.4
10600,S,3.4029,5.5835,,,,,,,,,,,,,,,,5.6376,,5.8203,,5.9599,,6.0755,6.1759,6.2872,6.3872,6.4793,6.5652,6.6465,6.7239,6.7983,6.87,6.9394,7.0067
10800,V,1.481,16.385,,,,,,,,,,,,,,,,16.852,,19.17,,21.018,,22.612,24.05,25.703,27.245,28.706,30.106,31.461,32.779,34.069,35.335,36.58,37.808
10800,U,1426.2,2536.2,,,,,,,,,,,,,,,,2554.5,,2643.4,,2712.4,,2770.7,2822.6,2881.7,2936.7,2989,3039.6,3089,3137.8,3186.1,3234.3,3282.4,3330.6
10800,H,1442.2,2713.1,,,,,,,,,,,,,,,,2736.5,,2850.4,,2939.4,,3014.9,3082.3,3159.3,3230.9,3299,3364.7,3428.8,3491.8,3554.1,3615.9,3677.5,3738.9
10800,S,3.4167,5.5715,,,,,,,,,,,,,,,,5.6109,,5.8,,5.9429,,6.0604,6.1621,6.2744,6.3752,6.4678,6.5542,6.6357,6.7134,6.788,6.8599,6.9294,6.9969
11000,V,1.489,16.006,,,,,,,,,,,,,,,,16.285,,18.639,,20.494,,22.083,23.512,25.151,26.676,28.12,29.503,30.839,32.139,33.41,34.656,35.882,37.091
11000,U,1434.2,2533.2,,,,,,,,,,,,,,,,2544.4,,2636.7,,2707.4,,2766.7,2819.2,2878.9,2934.3,2986.9,3037.7,3087.3,3136.2,3184.7,3233,3281.2,3329.5
11000,H,1450.6,2709.3,,,,,,,,,,,,,,,,2723.5,,2841.7,,2932.8,,3009.6,3077.8,3155.5,3227.7,3296.2,3362.2,3426.5,3489.7,3552.2,3614.2,3675.9,3737.5
11000,S,3.4304,5.5595,,,,,,,,,,,,,,,,5.5835,,5.7797,,5.9259,,6.0454,6.1483,6.2617,6.3633,6.4564,6.5432,6.6251,6.7031,6.7779,6.8499,6.9196,6.9872
11200,V,1.496,15.639,,,,,,,,,,,,,,,,15.726,,18.124,,19.987,,21.573,22.993,24.619,26.128,27.555,28.921,30.24,31.521,32.774,34.002,35.21,36.4
11200,U,1442.1,2530.3,,,,,,,,,,,,,,,,2533.8,,2629.8,,2702.2,,2762.6,2815.8,2876,2931.8,2984.8,3035.8,3085.6,3134.7,3183.3,3231.7,3280,3328.4
11200,H,1458.9,2705.4,,,,,,,,,,,,,,,,2710,,2832.8,,2926.1,,3004.2,3073.3,3151.7,3224.5,3293.4,3359.7,3424.3,3487.7,3550.4,3612.5,3674.4,3736
11200,S,3.444,5.5476,,,,,,,,,,,,,,,,5.5553,,5.7591,,5.909,,6.0305,6.1347,6.2491,6.3515,6.4452,6.5324,6.6147,6.6929,6.7679,6.8401,6.9099,6.9777
11400,V,1.504,15.284,,,,,,,,,,,,,,,,,,17.622,,19.495,,21.079,22.492,24.104,25.599,27.01,28.359,29.661,30.925,32.16,33.37,34.56,35.733
11400,U,1450,2527.2,,,,,,,,,,,,,,,,,,2622.7,,2697,,2758.4,2812.3,2873.1,2929.4,2982.6,3033.9,3083.9,3133.1,3181.9,3230.4,3278.8,3327.2
11400,H,1467.2,2701.5,,,,,,,,,,,,,,,,,,2823.6,,2919.3,,2998.7,3068.7,3147.9,3221.2,3290.5,3357.2,3422.1,3485.7,3548.5,3610.8,3672.8,3734.6
11400,S,3.4575,5.5357,,,,,,,,,,,,,,,,,,5.7383,,5.892,,6.0156,6.1211,6.2367,6.3399,6.4341,6.5218,6.6043,6.6828,6.758,6.8304,6.9004,6.9683